Time [s], Analyzer Name, Decoded Protocol Result
6.234056000000000,I2C,Setup Read to [C] + NAK
6.238652000000000,I2C,Setup Read to [M] + NAK
6.239416000000000,I2C,Setup Read to [E] + NAK
6.240182000000000,I2C,Setup Write to [@] + NAK
6.240938000000000,I2C,Setup Write to [D] + NAK
6.245670000000000,I2C,Setup Write to [F] + NAK
6.246424000000000,I2C,Setup Write to [N] + NAK
6.247180000000000,I2C,Setup Write to [L] + NAK
6.247936000000000,I2C,Setup Write to [L] + NAK
6.248692000000000,I2C,Setup Write to ['144'] + NAK
6.249446000000000,I2C,Setup Write to ['146'] + NAK
6.250202000000000,I2C,Setup Write to ['148'] + ACK
6.250694000000000,I2C,'5' + ACK
6.251490000000000,I2C,Setup Read to ['149'] + ACK
6.251964000000000,I2C,f + ACK
6.252398000000000,I2C,g + ACK
6.256736000000000,I2C,h + ACK
6.257216000000000,I2C,i + NAK
6.257982000000000,I2C,Setup Write to ['150'] + ACK
6.258472000000000,I2C,'5' + ACK
6.259270000000000,I2C,Setup Read to ['151'] + ACK
6.259742000000000,I2C,'255' + ACK
6.260214000000000,I2C,'255' + ACK
6.260686000000000,I2C,'255' + ACK
6.261166000000000,I2C,'255' + NAK
6.261932000000000,I2C,Setup Write to ['152'] + ACK
6.262424000000000,I2C,'5' + ACK
6.263368000000000,I2C,Setup Read to ['153'] + ACK
6.270812000000000,I2C,'255' + ACK
6.271284000000000,I2C,'255' + ACK
6.271756000000000,I2C,'255' + ACK
6.272236000000000,I2C,'255' + NAK
6.273002000000000,I2C,Setup Write to ['160'] + NAK
6.273758000000000,I2C,Setup Read to ['161'] + NAK
6.274670000000000,I2C,Setup Write to ['162'] + NAK
6.304022000000000,I2C,Setup Read to ['163'] + NAK
6.304786000000000,I2C,Setup Write to ['164'] + NAK
6.305542000000000,I2C,Setup Read to ['165'] + NAK
6.306308000000000,I2C,Setup Write to ['166'] + NAK
6.307062000000000,I2C,Setup Read to ['167'] + NAK
6.307976000000000,I2C,Setup Write to ['168'] + NAK
6.315690000000000,I2C,Setup Read to ['169'] + NAK
6.316456000000000,I2C,Setup Write to ['170'] + NAK
6.317212000000000,I2C,Setup Read to ['171'] + NAK
6.317976000000000,I2C,Setup Write to ['172'] + NAK
6.318732000000000,I2C,Setup Read to ['173'] + NAK
6.326604000000000,I2C,Setup Write to ['174'] + NAK
6.327360000000000,I2C,Setup Read to ['175'] + NAK
6.328768000000000,I2C,Setup Read to [C] + NAK
6.329532000000000,I2C,Setup Read to [M] + NAK
6.337628000000000,I2C,Setup Read to [E] + NAK
6.338394000000000,I2C,Setup Write to [@] + NAK
6.339148000000000,I2C,Setup Write to [D] + NAK
6.339904000000000,I2C,Setup Write to [F] + NAK
6.340660000000000,I2C,Setup Write to [N] + NAK
6.359334000000000,I2C,Setup Write to [L] + NAK
6.359940000000000,I2C,Setup Write to [L] + NAK
6.360544000000000,I2C,Setup Write to ['144'] + NAK
6.361148000000000,I2C,Setup Write to ['146'] + NAK
6.361754000000000,I2C,Setup Write to ['148'] + ACK
6.362076000000000,I2C,'5' + ACK
6.362722000000000,I2C,Setup Read to ['149'] + ACK
6.363028000000000,I2C,f + ACK
6.363478000000000,I2C,g + ACK
6.370916000000000,I2C,h + ACK
6.371228000000000,I2C,i + NAK
6.371842000000000,I2C,Setup Write to ['150'] + ACK
6.372166000000000,I2C,'5' + ACK
6.372812000000000,I2C,Setup Read to ['151'] + ACK
6.373116000000000,I2C,'255' + ACK
6.373420000000000,I2C,'255' + ACK
6.373724000000000,I2C,'255' + ACK
6.374036000000000,I2C,'255' + NAK
6.381980000000000,I2C,Setup Write to ['152'] + ACK
6.382302000000000,I2C,'5' + ACK
6.382948000000000,I2C,Setup Read to ['153'] + ACK
6.383254000000000,I2C,'255' + ACK
6.383558000000000,I2C,'255' + ACK
6.383862000000000,I2C,'255' + ACK
6.384174000000000,I2C,'255' + NAK
6.384788000000000,I2C,Setup Write to ['160'] + NAK
6.385392000000000,I2C,Setup Read to ['161'] + NAK
6.401438000000000,I2C,Setup Write to ['162'] + NAK
6.402044000000000,I2C,Setup Read to ['163'] + NAK
6.402658000000000,I2C,Setup Write to ['164'] + NAK
6.403262000000000,I2C,Setup Read to ['165'] + NAK
6.403876000000000,I2C,Setup Write to ['166'] + NAK
6.404480000000000,I2C,Setup Read to ['167'] + NAK
6.405096000000000,I2C,Setup Write to ['168'] + NAK
6.405700000000000,I2C,Setup Read to ['169'] + NAK
6.406314000000000,I2C,Setup Write to ['170'] + NAK
6.406918000000000,I2C,Setup Read to ['171'] + NAK
6.407534000000000,I2C,Setup Write to ['172'] + NAK
6.415442000000000,I2C,Setup Read to ['173'] + NAK
6.416056000000000,I2C,Setup Write to ['174'] + NAK
6.416662000000000,I2C,Setup Read to ['175'] + NAK
6.417918000000000,I2C,Setup Read to [C] + NAK
6.418532000000000,I2C,Setup Read to [M] + NAK
6.426476000000000,I2C,Setup Read to [E] + NAK
6.427090000000000,I2C,Setup Write to [@] + NAK
6.427696000000000,I2C,Setup Write to [D] + NAK
6.428300000000000,I2C,Setup Write to [F] + NAK
6.428904000000000,I2C,Setup Write to [N] + NAK
6.429510000000000,I2C,Setup Write to [L] + NAK
6.430262000000000,I2C,Setup Write to [L] + NAK
6.438012000000000,I2C,Setup Write to ['144'] + NAK
6.438616000000000,I2C,Setup Write to ['146'] + NAK
6.439220000000000,I2C,Setup Write to ['148'] + ACK
6.439544000000000,I2C,'5' + ACK
6.440190000000000,I2C,Setup Read to ['149'] + ACK
6.440494000000000,I2C,f + ACK
6.440798000000000,I2C,g + ACK
6.441250000000000,I2C,h + ACK
6.448718000000000,I2C,i + NAK
6.449332000000000,I2C,Setup Write to ['150'] + ACK
6.449656000000000,I2C,'5' + ACK
6.450302000000000,I2C,Setup Read to ['151'] + ACK
6.450608000000000,I2C,'255' + ACK
6.450912000000000,I2C,'255' + ACK
6.451216000000000,I2C,'255' + ACK
6.451526000000000,I2C,'255' + NAK
6.452288000000000,I2C,Setup Write to ['152'] + ACK
6.459806000000000,I2C,'5' + ACK
6.460452000000000,I2C,Setup Read to ['153'] + ACK
6.460756000000000,I2C,'255' + ACK
6.461060000000000,I2C,'255' + ACK
6.461364000000000,I2C,'255' + ACK
6.461676000000000,I2C,'255' + NAK
6.462290000000000,I2C,Setup Write to ['160'] + NAK
6.462896000000000,I2C,Setup Read to ['161'] + NAK
6.463658000000000,I2C,Setup Write to ['162'] + NAK
6.471418000000000,I2C,Setup Read to ['163'] + NAK
6.472034000000000,I2C,Setup Write to ['164'] + NAK
6.472638000000000,I2C,Setup Read to ['165'] + NAK
6.473252000000000,I2C,Setup Write to ['166'] + NAK
6.473856000000000,I2C,Setup Read to ['167'] + NAK
6.474618000000000,I2C,Setup Write to ['168'] + NAK
6.482368000000000,I2C,Setup Read to ['169'] + NAK
6.482982000000000,I2C,Setup Write to ['170'] + NAK
6.483588000000000,I2C,Setup Read to ['171'] + NAK
6.484202000000000,I2C,Setup Write to ['172'] + NAK
6.484806000000000,I2C,Setup Read to ['173'] + NAK
6.485420000000000,I2C,Setup Write to ['174'] + NAK
6.493354000000000,I2C,Setup Read to ['175'] + NAK
6.494612000000000,I2C,Setup Read to [C] + NAK
6.495226000000000,I2C,Setup Read to [M] + NAK
6.495840000000000,I2C,Setup Read to [E] + NAK
6.496454000000000,I2C,Setup Write to [@] + NAK
6.513860000000000,I2C,Setup Write to [D] + NAK
6.521856000000000,I2C,Setup Write to [F] + NAK
6.522558000000000,I2C,Setup Write to [N] + NAK
6.523260000000000,I2C,Setup Write to [L] + NAK
6.523962000000000,I2C,Setup Write to [L] + NAK
6.524664000000000,I2C,Setup Write to ['144'] + NAK
6.525366000000000,I2C,Setup Write to ['146'] + NAK
6.526068000000000,I2C,Setup Write to ['148'] + ACK
6.526442000000000,I2C,'5' + ACK
6.527184000000000,I2C,Setup Read to ['149'] + ACK
6.527538000000000,I2C,f + ACK
6.527892000000000,I2C,g + ACK
6.528244000000000,I2C,h + ACK
6.528604000000000,I2C,i + NAK
6.529316000000000,I2C,Setup Write to ['150'] + ACK
6.529688000000000,I2C,'5' + ACK
6.537762000000000,I2C,Setup Read to ['151'] + ACK
6.538116000000000,I2C,'255' + ACK
6.538468000000000,I2C,'255' + ACK
6.538822000000000,I2C,'255' + ACK
6.539182000000000,I2C,'255' + NAK
6.539894000000000,I2C,Setup Write to ['152'] + ACK
6.540266000000000,I2C,'5' + ACK
6.541010000000000,I2C,Setup Read to ['153'] + ACK
6.548668000000000,I2C,'255' + ACK
6.549020000000000,I2C,'255' + ACK
6.549374000000000,I2C,'255' + ACK
6.549734000000000,I2C,'255' + NAK
6.550446000000000,I2C,Setup Write to ['160'] + NAK
6.551148000000000,I2C,Setup Read to ['161'] + NAK
6.551860000000000,I2C,Setup Write to ['162'] + NAK
6.559868000000000,I2C,Setup Read to ['163'] + NAK
6.560580000000000,I2C,Setup Write to ['164'] + NAK
6.561282000000000,I2C,Setup Read to ['165'] + NAK
6.561994000000000,I2C,Setup Write to ['166'] + NAK
6.562696000000000,I2C,Setup Read to ['167'] + NAK
6.563556000000000,I2C,Setup Write to ['168'] + NAK
6.571452000000000,I2C,Setup Read to ['169'] + NAK
6.572164000000000,I2C,Setup Write to ['170'] + NAK
6.572866000000000,I2C,Setup Read to ['171'] + NAK
6.573578000000000,I2C,Setup Write to ['172'] + NAK
6.574280000000000,I2C,Setup Read to ['173'] + NAK
6.582272000000000,I2C,Setup Write to ['174'] + NAK
6.582976000000000,I2C,Setup Read to ['175'] + NAK
6.598524000000000,I2C,Setup Read to [C] + NAK
6.627918000000000,I2C,Setup Read to [M] + NAK
6.628564000000000,I2C,Setup Read to [E] + NAK
6.629276000000000,I2C,Setup Write to [@] + NAK
6.629912000000000,I2C,Setup Write to [D] + NAK
6.637840000000000,I2C,Setup Write to [F] + NAK
6.638476000000000,I2C,Setup Write to [N] + NAK
6.639112000000000,I2C,Setup Write to [L] + NAK
6.640000000000000,I2C,Setup Write to [L] + NAK
6.640636000000000,I2C,Setup Write to ['144'] + NAK
6.641486000000000,I2C,Setup Write to ['146'] + NAK
6.649280000000000,I2C,Setup Write to ['148'] + ACK
6.649652000000000,I2C,'5' + ACK
6.650328000000000,I2C,Setup Read to ['149'] + ACK
6.650682000000000,I2C,f + ACK
6.651036000000000,I2C,g + ACK
6.651574000000000,I2C,h + ACK
6.651934000000000,I2C,i + NAK
6.659922000000000,I2C,Setup Write to ['150'] + ACK
6.660480000000000,I2C,'5' + ACK
6.661408000000000,I2C,Setup Read to ['151'] + ACK
6.661762000000000,I2C,'255' + ACK
6.662300000000000,I2C,'255' + ACK
6.662840000000000,I2C,'255' + ACK
6.663200000000000,I2C,'255' + NAK
6.671150000000000,I2C,Setup Write to ['152'] + ACK
6.671522000000000,I2C,'5' + ACK
6.672452000000000,I2C,Setup Read to ['153'] + ACK
6.672806000000000,I2C,'255' + ACK
6.673344000000000,I2C,'255' + ACK
6.673696000000000,I2C,'255' + ACK
6.674056000000000,I2C,'255' + NAK
6.674916000000000,I2C,Setup Write to ['160'] + NAK
6.682752000000000,I2C,Setup Read to ['161'] + NAK
6.683464000000000,I2C,Setup Write to ['162'] + NAK
6.684100000000000,I2C,Setup Read to ['163'] + NAK
6.684746000000000,I2C,Setup Write to ['164'] + NAK
6.685382000000000,I2C,Setup Read to ['165'] + NAK
6.693304000000000,I2C,Setup Write to ['166'] + NAK
6.693940000000000,I2C,Setup Read to ['167'] + NAK
6.694584000000000,I2C,Setup Write to ['168'] + NAK
6.695220000000000,I2C,Setup Read to ['169'] + NAK
6.695866000000000,I2C,Setup Write to ['170'] + NAK
6.696502000000000,I2C,Setup Read to ['171'] + NAK
6.704442000000000,I2C,Setup Write to ['172'] + NAK
6.705144000000000,I2C,Setup Read to ['173'] + NAK
6.705790000000000,I2C,Setup Write to ['174'] + NAK
6.706426000000000,I2C,Setup Read to ['175'] + NAK
6.707714000000000,I2C,Setup Read to [C] + NAK
6.715730000000000,I2C,Setup Read to [M] + NAK
6.716442000000000,I2C,Setup Read to [E] + NAK
6.717154000000000,I2C,Setup Write to [@] + NAK
6.717790000000000,I2C,Setup Write to [D] + NAK
6.718426000000000,I2C,Setup Write to [F] + NAK
6.719276000000000,I2C,Setup Write to [N] + NAK
6.741306000000000,I2C,Setup Write to [L] + NAK
6.749056000000000,I2C,Setup Write to [L] + NAK
6.749846000000000,I2C,Setup Write to ['144'] + NAK
6.750434000000000,I2C,Setup Write to ['146'] + NAK
6.751224000000000,I2C,Setup Write to ['148'] + ACK
6.751732000000000,I2C,'5' + ACK
6.752508000000000,I2C,Setup Read to ['149'] + ACK
6.759996000000000,I2C,f + ACK
6.760300000000000,I2C,g + ACK
6.760604000000000,I2C,h + ACK
6.760914000000000,I2C,i + NAK
6.761714000000000,I2C,Setup Write to ['150'] + ACK
6.762224000000000,I2C,'5' + ACK
6.762852000000000,I2C,Setup Read to ['151'] + ACK
6.763158000000000,I2C,'255' + ACK
6.763592000000000,I2C,'255' + ACK
6.771036000000000,I2C,'255' + ACK
6.771346000000000,I2C,'255' + NAK
6.771962000000000,I2C,Setup Write to ['152'] + ACK
6.772470000000000,I2C,'5' + ACK
6.773098000000000,I2C,Setup Read to ['153'] + ACK
6.773404000000000,I2C,'255' + ACK
6.773708000000000,I2C,'255' + ACK
6.774198000000000,I2C,'255' + ACK
6.774842000000000,I2C,'255' + NAK
6.782602000000000,I2C,Setup Write to ['160'] + NAK
6.783392000000000,I2C,Setup Read to ['161'] + NAK
6.784192000000000,I2C,Setup Write to ['162'] + NAK
6.784982000000000,I2C,Setup Read to ['163'] + NAK
6.785726000000000,I2C,Setup Write to ['164'] + NAK
6.793490000000000,I2C,Setup Read to ['165'] + NAK
6.794104000000000,I2C,Setup Write to ['166'] + NAK
6.794692000000000,I2C,Setup Read to ['167'] + NAK
6.795306000000000,I2C,Setup Write to ['168'] + NAK
6.795894000000000,I2C,Setup Read to ['169'] + NAK
6.796508000000000,I2C,Setup Write to ['170'] + NAK
6.804388000000000,I2C,Setup Read to ['171'] + NAK
6.805002000000000,I2C,Setup Write to ['172'] + NAK
6.805792000000000,I2C,Setup Read to ['173'] + NAK
6.806388000000000,I2C,Setup Write to ['174'] + NAK
6.806994000000000,I2C,Setup Read to ['175'] + NAK
6.808584000000000,I2C,Setup Read to [C] + NAK
6.816308000000000,I2C,Setup Read to [M] + NAK
6.816922000000000,I2C,Setup Read to [E] + NAK
6.817722000000000,I2C,Setup Write to [@] + NAK
6.818512000000000,I2C,Setup Write to [D] + NAK
6.819266000000000,I2C,Setup Write to [F] + NAK
6.827064000000000,I2C,Setup Write to [N] + NAK
6.827668000000000,I2C,Setup Write to [L] + NAK
6.828272000000000,I2C,Setup Write to [L] + NAK
6.828860000000000,I2C,Setup Write to ['144'] + NAK
6.829464000000000,I2C,Setup Write to ['146'] + NAK
6.830216000000000,I2C,Setup Write to ['148'] + ACK
6.847806000000000,I2C,'5' + ACK
6.855776000000000,I2C,Setup Read to ['149'] + ACK
6.856130000000000,I2C,f + ACK
6.856482000000000,I2C,g + ACK
6.856836000000000,I2C,h + ACK
6.857196000000000,I2C,i + NAK
6.857842000000000,I2C,Setup Write to ['150'] + ACK
6.858214000000000,I2C,'5' + ACK
6.859142000000000,I2C,Setup Read to ['151'] + ACK
6.859496000000000,I2C,'255' + ACK
6.860034000000000,I2C,'255' + ACK
6.860388000000000,I2C,'255' + ACK
6.860748000000000,I2C,'255' + NAK
6.861460000000000,I2C,Setup Write to ['152'] + ACK
6.861832000000000,I2C,'5' + ACK
6.862576000000000,I2C,Setup Read to ['153'] + ACK
6.862930000000000,I2C,'255' + ACK
6.863282000000000,I2C,'255' + ACK
6.863782000000000,I2C,'255' + ACK
6.871338000000000,I2C,'255' + NAK
6.872050000000000,I2C,Setup Write to ['160'] + NAK
6.872752000000000,I2C,Setup Read to ['161'] + NAK
6.873464000000000,I2C,Setup Write to ['162'] + NAK
6.874166000000000,I2C,Setup Read to ['163'] + NAK
6.882182000000000,I2C,Setup Write to ['164'] + NAK
6.882884000000000,I2C,Setup Read to ['165'] + NAK
6.883530000000000,I2C,Setup Write to ['166'] + NAK
6.884166000000000,I2C,Setup Read to ['167'] + NAK
6.884878000000000,I2C,Setup Write to ['168'] + NAK
6.885728000000000,I2C,Setup Read to ['169'] + NAK
6.893532000000000,I2C,Setup Write to ['170'] + NAK
6.894168000000000,I2C,Setup Read to ['171'] + NAK
6.894814000000000,I2C,Setup Write to ['172'] + NAK
6.895450000000000,I2C,Setup Read to ['173'] + NAK
6.896162000000000,I2C,Setup Write to ['174'] + NAK
6.897012000000000,I2C,Setup Read to ['175'] + NAK
6.905560000000000,I2C,Setup Read to [C] + NAK
6.906272000000000,I2C,Setup Read to [M] + NAK
6.906984000000000,I2C,Setup Read to [E] + NAK
6.907696000000000,I2C,Setup Write to [@] + NAK
6.915704000000000,I2C,Setup Write to [D] + NAK
6.916406000000000,I2C,Setup Write to [F] + NAK
6.917108000000000,I2C,Setup Write to [N] + NAK
6.917810000000000,I2C,Setup Write to [L] + NAK
6.918512000000000,I2C,Setup Write to [L] + NAK
6.919296000000000,I2C,Setup Write to ['144'] + NAK
6.927144000000000,I2C,Setup Write to ['146'] + NAK
6.927780000000000,I2C,Setup Write to ['148'] + ACK
6.928152000000000,I2C,'5' + ACK
6.928894000000000,I2C,Setup Read to ['149'] + ACK
6.929248000000000,I2C,f + ACK
6.929602000000000,I2C,g + ACK
6.930288000000000,I2C,h + ACK
6.937842000000000,I2C,i + NAK
6.938554000000000,I2C,Setup Write to ['150'] + ACK
6.938926000000000,I2C,'5' + ACK
6.939670000000000,I2C,Setup Read to ['151'] + ACK
6.940024000000000,I2C,'255' + ACK
6.940376000000000,I2C,'255' + ACK
6.940730000000000,I2C,'255' + ACK
6.941090000000000,I2C,'255' + NAK
6.957654000000000,I2C,Setup Write to ['152'] + ACK
6.965318000000000,I2C,'5' + ACK
6.966062000000000,I2C,Setup Read to ['153'] + ACK
6.966416000000000,I2C,'255' + ACK
6.966768000000000,I2C,'255' + ACK
6.967122000000000,I2C,'255' + ACK
6.967482000000000,I2C,'255' + NAK
6.968194000000000,I2C,Setup Write to ['160'] + NAK
6.968896000000000,I2C,Setup Read to ['161'] + NAK
6.969608000000000,I2C,Setup Write to ['162'] + NAK
6.970310000000000,I2C,Setup Read to ['163'] + NAK
6.971022000000000,I2C,Setup Write to ['164'] + NAK
6.971724000000000,I2C,Setup Read to ['165'] + NAK
6.972436000000000,I2C,Setup Write to ['166'] + NAK
6.973140000000000,I2C,Setup Read to ['167'] + NAK
6.973852000000000,I2C,Setup Write to ['168'] + NAK
6.974702000000000,I2C,Setup Read to ['169'] + NAK
6.982584000000000,I2C,Setup Write to ['170'] + NAK
6.983286000000000,I2C,Setup Read to ['171'] + NAK
6.983998000000000,I2C,Setup Write to ['172'] + NAK
6.984700000000000,I2C,Setup Read to ['173'] + NAK
6.985412000000000,I2C,Setup Write to ['174'] + NAK
6.993406000000000,I2C,Setup Read to ['175'] + NAK
6.994762000000000,I2C,Setup Read to [C] + NAK
6.995488000000000,I2C,Setup Read to [M] + NAK
6.996218000000000,I2C,Setup Read to [E] + NAK
6.997092000000000,I2C,Setup Write to [@] + NAK
7.004954000000000,I2C,Setup Write to [D] + NAK
7.005670000000000,I2C,Setup Write to [F] + NAK
7.006386000000000,I2C,Setup Write to [N] + NAK
7.007102000000000,I2C,Setup Write to [L] + NAK
7.007818000000000,I2C,Setup Write to [L] + NAK
7.015864000000000,I2C,Setup Write to ['144'] + NAK
7.016582000000000,I2C,Setup Write to ['146'] + NAK
7.017298000000000,I2C,Setup Write to ['148'] + ACK
7.017670000000000,I2C,'5' + ACK
7.018414000000000,I2C,Setup Read to ['149'] + ACK
7.018768000000000,I2C,f + ACK
7.019268000000000,I2C,g + ACK
7.026778000000000,I2C,h + ACK
7.027138000000000,I2C,i + NAK
7.027850000000000,I2C,Setup Write to ['150'] + ACK
7.028222000000000,I2C,'5' + ACK
7.028966000000000,I2C,Setup Read to ['151'] + ACK
7.029320000000000,I2C,'255' + ACK
7.029672000000000,I2C,'255' + ACK
7.030026000000000,I2C,'255' + ACK
7.030534000000000,I2C,'255' + NAK
7.038390000000000,I2C,Setup Write to ['152'] + ACK
7.038762000000000,I2C,'5' + ACK
7.039506000000000,I2C,Setup Read to ['153'] + ACK
7.039860000000000,I2C,'255' + ACK
7.040212000000000,I2C,'255' + ACK
7.040566000000000,I2C,'255' + ACK
7.040926000000000,I2C,'255' + NAK
7.048980000000000,I2C,Setup Write to ['160'] + NAK
7.049696000000000,I2C,Setup Read to ['161'] + NAK
7.050422000000000,I2C,Setup Write to ['162'] + NAK
7.051138000000000,I2C,Setup Read to ['163'] + NAK
7.051864000000000,I2C,Setup Write to ['164'] + NAK
7.052728000000000,I2C,Setup Read to ['165'] + NAK
7.074728000000000,I2C,Setup Write to ['166'] + NAK
7.082638000000000,I2C,Setup Read to ['167'] + NAK
7.083364000000000,I2C,Setup Write to ['168'] + NAK
7.084082000000000,I2C,Setup Read to ['169'] + NAK
7.084808000000000,I2C,Setup Write to ['170'] + NAK
7.085524000000000,I2C,Setup Read to ['171'] + NAK
7.093542000000000,I2C,Setup Write to ['172'] + NAK
7.094260000000000,I2C,Setup Read to ['173'] + NAK
7.094986000000000,I2C,Setup Write to ['174'] + NAK
7.095702000000000,I2C,Setup Read to ['175'] + NAK
7.098102000000000,I2C,Setup Write to ['148'] + ACK
7.105630000000000,I2C,'5' + ACK
7.106374000000000,I2C,Setup Read to ['149'] + ACK
7.106728000000000,I2C,f + ACK
7.107082000000000,I2C,g + ACK
7.107434000000000,I2C,h + ACK
7.107794000000000,I2C,i + NAK
7.115848000000000,I2C,Setup Write to ['150'] + ACK
7.116220000000000,I2C,'5' + ACK
7.116964000000000,I2C,Setup Read to ['151'] + ACK
7.117318000000000,I2C,'255' + ACK
7.117670000000000,I2C,'255' + ACK
7.118022000000000,I2C,'255' + ACK
7.118384000000000,I2C,'255' + NAK
7.119242000000000,I2C,Setup Write to ['152'] + ACK
7.126760000000000,I2C,'5' + ACK
7.127504000000000,I2C,Setup Read to ['153'] + ACK
7.127858000000000,I2C,'255' + ACK
7.128210000000000,I2C,'255' + ACK
7.128564000000000,I2C,'255' + ACK
7.128924000000000,I2C,'255' + NAK
7.132594000000000,I2C,Setup Write to ['148'] + ACK
7.140112000000000,I2C,'5' + ACK
7.140856000000000,I2C,Setup Read to ['149'] + ACK
7.141210000000000,I2C,f + ACK
7.148892000000000,I2C,g + ACK
7.149244000000000,I2C,h + ACK
7.149604000000000,I2C,i + NAK
7.150316000000000,I2C,Setup Write to ['150'] + ACK
7.150690000000000,I2C,'5' + ACK
7.151432000000000,I2C,Setup Read to ['151'] + ACK
7.151786000000000,I2C,'255' + ACK
7.152140000000000,I2C,'255' + ACK
7.152640000000000,I2C,'255' + ACK
7.160158000000000,I2C,'255' + NAK
7.160870000000000,I2C,Setup Write to ['152'] + ACK
7.161242000000000,I2C,'5' + ACK
7.161984000000000,I2C,Setup Read to ['153'] + ACK
7.162338000000000,I2C,'255' + ACK
7.162692000000000,I2C,'255' + ACK
7.163044000000000,I2C,'255' + ACK
7.163404000000000,I2C,'255' + NAK
7.181040000000000,I2C,Setup Write to ['148'] + ACK
7.188742000000000,I2C,'5' + ACK
7.189486000000000,I2C,Setup Read to ['149'] + ACK
7.189840000000000,I2C,f + ACK
7.190192000000000,I2C,g + ACK
7.190546000000000,I2C,h + ACK
7.190906000000000,I2C,i + NAK
7.191618000000000,I2C,Setup Write to ['150'] + ACK
7.191990000000000,I2C,'5' + ACK
7.192734000000000,I2C,Setup Read to ['151'] + ACK
7.193088000000000,I2C,'255' + ACK
7.193440000000000,I2C,'255' + ACK
7.193792000000000,I2C,'255' + ACK
7.194154000000000,I2C,'255' + NAK
7.194866000000000,I2C,Setup Write to ['152'] + ACK
7.195238000000000,I2C,'5' + ACK
7.195980000000000,I2C,Setup Read to ['153'] + ACK
7.196334000000000,I2C,'255' + ACK
7.196688000000000,I2C,'255' + ACK
7.197188000000000,I2C,'255' + ACK
7.204694000000000,I2C,'255' + NAK
7.208364000000000,I2C,Setup Write to ['148'] + ACK
7.215882000000000,I2C,'5' + ACK
7.216626000000000,I2C,Setup Read to ['149'] + ACK
7.216980000000000,I2C,f + ACK
7.217332000000000,I2C,g + ACK
7.217684000000000,I2C,h + ACK
7.218044000000000,I2C,i + NAK
7.218756000000000,I2C,Setup Write to ['150'] + ACK
7.219276000000000,I2C,'5' + ACK
7.227202000000000,I2C,Setup Read to ['151'] + ACK
7.227556000000000,I2C,'255' + ACK
7.227910000000000,I2C,'255' + ACK
7.228262000000000,I2C,'255' + ACK
7.228622000000000,I2C,'255' + NAK
7.229334000000000,I2C,Setup Write to ['152'] + ACK
7.229706000000000,I2C,'5' + ACK
7.230598000000000,I2C,Setup Read to ['153'] + ACK
7.238108000000000,I2C,'255' + ACK
7.238462000000000,I2C,'255' + ACK
7.238814000000000,I2C,'255' + ACK
7.239174000000000,I2C,'255' + NAK
7.242846000000000,I2C,Setup Write to ['148'] + ACK
7.250362000000000,I2C,'5' + ACK
7.251106000000000,I2C,Setup Read to ['149'] + ACK
7.251460000000000,I2C,f + ACK
7.251812000000000,I2C,g + ACK
7.252166000000000,I2C,h + ACK
7.252674000000000,I2C,i + NAK
7.260580000000000,I2C,Setup Write to ['150'] + ACK
7.260952000000000,I2C,'5' + ACK
7.261696000000000,I2C,Setup Read to ['151'] + ACK
7.262050000000000,I2C,'255' + ACK
7.262402000000000,I2C,'255' + ACK
7.262754000000000,I2C,'255' + ACK
7.263116000000000,I2C,'255' + NAK
7.263974000000000,I2C,Setup Write to ['152'] + ACK
7.271492000000000,I2C,'5' + ACK
7.272236000000000,I2C,Setup Read to ['153'] + ACK
7.272590000000000,I2C,'255' + ACK
7.272942000000000,I2C,'255' + ACK
7.273296000000000,I2C,'255' + ACK
7.273656000000000,I2C,'255' + NAK
7.277326000000000,I2C,Setup Write to ['148'] + ACK
7.291666000000000,I2C,'5' + ACK
7.299738000000000,I2C,Setup Read to ['149'] + ACK
7.300092000000000,I2C,f + ACK
7.300446000000000,I2C,g + ACK
7.300798000000000,I2C,h + ACK
7.301158000000000,I2C,i + NAK
7.301870000000000,I2C,Setup Write to ['150'] + ACK
7.302242000000000,I2C,'5' + ACK
7.302986000000000,I2C,Setup Read to ['151'] + ACK
7.303340000000000,I2C,'255' + ACK
7.303692000000000,I2C,'255' + ACK
7.304046000000000,I2C,'255' + ACK
7.304406000000000,I2C,'255' + NAK
7.305118000000000,I2C,Setup Write to ['152'] + ACK
7.305490000000000,I2C,'5' + ACK
7.306234000000000,I2C,Setup Read to ['153'] + ACK
7.306588000000000,I2C,'255' + ACK
7.306940000000000,I2C,'255' + ACK
7.307294000000000,I2C,'255' + ACK
7.307654000000000,I2C,'255' + NAK
7.318482000000000,I2C,Setup Write to ['148'] + ACK
7.318854000000000,I2C,'5' + ACK
7.336114000000000,I2C,Setup Read to ['149'] + ACK
7.343798000000000,I2C,f + ACK
7.344152000000000,I2C,g + ACK
7.344504000000000,I2C,h + ACK
7.344864000000000,I2C,i + NAK
7.345576000000000,I2C,Setup Write to ['150'] + ACK
7.345948000000000,I2C,'5' + ACK
7.346692000000000,I2C,Setup Read to ['151'] + ACK
7.347046000000000,I2C,'255' + ACK
7.347398000000000,I2C,'255' + ACK
7.347752000000000,I2C,'255' + ACK
7.348112000000000,I2C,'255' + NAK
7.348824000000000,I2C,Setup Write to ['152'] + ACK
7.349196000000000,I2C,'5' + ACK
7.349940000000000,I2C,Setup Read to ['153'] + ACK
7.350294000000000,I2C,'255' + ACK
7.350646000000000,I2C,'255' + ACK
7.351000000000000,I2C,'255' + ACK
7.351360000000000,I2C,'255' + NAK
7.355030000000000,I2C,Setup Write to ['148'] + ACK
7.362548000000000,I2C,'5' + ACK
7.363292000000000,I2C,Setup Read to ['149'] + ACK
7.363792000000000,I2C,f + ACK
7.371302000000000,I2C,g + ACK
7.371656000000000,I2C,h + ACK
7.372016000000000,I2C,i + NAK
7.372728000000000,I2C,Setup Write to ['150'] + ACK
7.373100000000000,I2C,'5' + ACK
7.373844000000000,I2C,Setup Read to ['151'] + ACK
7.374198000000000,I2C,'255' + ACK
7.374550000000000,I2C,'255' + ACK
7.375050000000000,I2C,'255' + ACK
7.382604000000000,I2C,'255' + NAK
7.383316000000000,I2C,Setup Write to ['152'] + ACK
7.383690000000000,I2C,'5' + ACK
7.384432000000000,I2C,Setup Read to ['153'] + ACK
7.384786000000000,I2C,'255' + ACK
7.385140000000000,I2C,'255' + ACK
7.385492000000000,I2C,'255' + ACK
7.386000000000000,I2C,'255' + NAK
7.410948000000000,I2C,Setup Write to ['148'] + ACK
7.418514000000000,I2C,'5' + ACK
7.419406000000000,I2C,Setup Read to ['149'] + ACK
7.426904000000000,I2C,f + ACK
7.427258000000000,I2C,g + ACK
7.427610000000000,I2C,h + ACK
7.427970000000000,I2C,i + NAK
7.428682000000000,I2C,Setup Write to ['150'] + ACK
7.429054000000000,I2C,'5' + ACK
7.429798000000000,I2C,Setup Read to ['151'] + ACK
7.430152000000000,I2C,'255' + ACK
7.430652000000000,I2C,'255' + ACK
7.438162000000000,I2C,'255' + ACK
7.438522000000000,I2C,'255' + NAK
7.439234000000000,I2C,Setup Write to ['152'] + ACK
7.439606000000000,I2C,'5' + ACK
7.440350000000000,I2C,Setup Read to ['153'] + ACK
7.440704000000000,I2C,'255' + ACK
7.441056000000000,I2C,'255' + ACK
7.441558000000000,I2C,'255' + ACK
7.449112000000000,I2C,'255' + NAK
7.452782000000000,I2C,Setup Write to ['148'] + ACK
7.460312000000000,I2C,'5' + ACK
7.461056000000000,I2C,Setup Read to ['149'] + ACK
7.461410000000000,I2C,f + ACK
7.461762000000000,I2C,g + ACK
7.462114000000000,I2C,h + ACK
7.462476000000000,I2C,i + NAK
7.463188000000000,I2C,Setup Write to ['150'] + ACK
7.463708000000000,I2C,'5' + ACK
7.471596000000000,I2C,Setup Read to ['151'] + ACK
7.471950000000000,I2C,'255' + ACK
7.472302000000000,I2C,'255' + ACK
7.472656000000000,I2C,'255' + ACK
7.473016000000000,I2C,'255' + NAK
7.473728000000000,I2C,Setup Write to ['152'] + ACK
7.474100000000000,I2C,'5' + ACK
7.474990000000000,I2C,Setup Read to ['153'] + ACK
7.482538000000000,I2C,'255' + ACK
7.482892000000000,I2C,'255' + ACK
7.483244000000000,I2C,'255' + ACK
7.483604000000000,I2C,'255' + NAK
7.487276000000000,I2C,Setup Write to ['148'] + ACK
7.494806000000000,I2C,'5' + ACK
7.495548000000000,I2C,Setup Read to ['149'] + ACK
7.495902000000000,I2C,f + ACK
7.496256000000000,I2C,g + ACK
7.496608000000000,I2C,h + ACK
7.497116000000000,I2C,i + NAK
7.520566000000000,I2C,Setup Write to ['150'] + ACK
7.520940000000000,I2C,'5' + ACK
7.521682000000000,I2C,Setup Read to ['151'] + ACK
7.522036000000000,I2C,'255' + ACK
7.522390000000000,I2C,'255' + ACK
7.522742000000000,I2C,'255' + ACK
7.523102000000000,I2C,'255' + NAK
7.523814000000000,I2C,Setup Write to ['152'] + ACK
7.524186000000000,I2C,'5' + ACK
7.524930000000000,I2C,Setup Read to ['153'] + ACK
7.525284000000000,I2C,'255' + ACK
7.525636000000000,I2C,'255' + ACK
7.525990000000000,I2C,'255' + ACK
7.526350000000000,I2C,'255' + NAK
7.529874000000000,I2C,Setup Write to ['148'] + ACK
7.530394000000000,I2C,'5' + ACK
7.538282000000000,I2C,Setup Read to ['149'] + ACK
7.538636000000000,I2C,f + ACK
7.538988000000000,I2C,g + ACK
7.539342000000000,I2C,h + ACK
7.539702000000000,I2C,i + NAK
7.540414000000000,I2C,Setup Write to ['150'] + ACK
7.540786000000000,I2C,'5' + ACK
7.541676000000000,I2C,Setup Read to ['151'] + ACK
7.549176000000000,I2C,'255' + ACK
7.549528000000000,I2C,'255' + ACK
7.549882000000000,I2C,'255' + ACK
7.550242000000000,I2C,'255' + NAK
7.550954000000000,I2C,Setup Write to ['152'] + ACK
7.551326000000000,I2C,'5' + ACK
7.552070000000000,I2C,Setup Read to ['153'] + ACK
7.552424000000000,I2C,'255' + ACK
7.560106000000000,I2C,'255' + ACK
7.560458000000000,I2C,'255' + ACK
7.560820000000000,I2C,'255' + NAK
7.564490000000000,I2C,Setup Write to ['148'] + ACK
7.572008000000000,I2C,'5' + ACK
7.572750000000000,I2C,Setup Read to ['149'] + ACK
7.573104000000000,I2C,f + ACK
7.573458000000000,I2C,g + ACK
7.573810000000000,I2C,h + ACK
7.574170000000000,I2C,i + NAK
7.575030000000000,I2C,Setup Write to ['150'] + ACK
7.582560000000000,I2C,'5' + ACK
7.583304000000000,I2C,Setup Read to ['151'] + ACK
7.583658000000000,I2C,'255' + ACK
7.584010000000000,I2C,'255' + ACK
7.584362000000000,I2C,'255' + ACK
7.584722000000000,I2C,'255' + NAK
7.585434000000000,I2C,Setup Write to ['152'] + ACK
7.585954000000000,I2C,'5' + ACK
7.593892000000000,I2C,Setup Read to ['153'] + ACK
7.594246000000000,I2C,'255' + ACK
7.594598000000000,I2C,'255' + ACK
7.594952000000000,I2C,'255' + ACK
7.595312000000000,I2C,'255' + NAK
7.598982000000000,I2C,Setup Write to ['148'] + ACK
7.606500000000000,I2C,'5' + ACK
7.607244000000000,I2C,Setup Read to ['149'] + ACK
7.607598000000000,I2C,f + ACK
7.607950000000000,I2C,g + ACK
7.608450000000000,I2C,h + ACK
7.625542000000000,I2C,i + NAK
7.633596000000000,I2C,Setup Write to ['150'] + ACK
7.633968000000000,I2C,'5' + ACK
7.634712000000000,I2C,Setup Read to ['151'] + ACK
7.635066000000000,I2C,'255' + ACK
7.635418000000000,I2C,'255' + ACK
7.635772000000000,I2C,'255' + ACK
7.636132000000000,I2C,'255' + NAK
7.636844000000000,I2C,Setup Write to ['152'] + ACK
7.637216000000000,I2C,'5' + ACK
7.637960000000000,I2C,Setup Read to ['153'] + ACK
7.638314000000000,I2C,'255' + ACK
7.638666000000000,I2C,'255' + ACK
7.639020000000000,I2C,'255' + ACK
7.639380000000000,I2C,'255' + NAK
7.643050000000000,I2C,Setup Write to ['148'] + ACK
7.650568000000000,I2C,'5' + ACK
7.651312000000000,I2C,Setup Read to ['149'] + ACK
7.651666000000000,I2C,f + ACK
7.652018000000000,I2C,g + ACK
7.652370000000000,I2C,h + ACK
7.652878000000000,I2C,i + NAK
7.660736000000000,I2C,Setup Write to ['150'] + ACK
7.661108000000000,I2C,'5' + ACK
7.661852000000000,I2C,Setup Read to ['151'] + ACK
7.662206000000000,I2C,'255' + ACK
7.662558000000000,I2C,'255' + ACK
7.662910000000000,I2C,'255' + ACK
7.663272000000000,I2C,'255' + NAK
7.671312000000000,I2C,Setup Write to ['152'] + ACK
7.671686000000000,I2C,'5' + ACK
7.672428000000000,I2C,Setup Read to ['153'] + ACK
7.672782000000000,I2C,'255' + ACK
7.673136000000000,I2C,'255' + ACK
7.673488000000000,I2C,'255' + ACK
7.673848000000000,I2C,'255' + NAK
7.677520000000000,I2C,Setup Write to ['148'] + ACK
7.685036000000000,I2C,'5' + ACK
7.685780000000000,I2C,Setup Read to ['149'] + ACK
7.686282000000000,I2C,f + ACK
7.693780000000000,I2C,g + ACK
7.694132000000000,I2C,h + ACK
7.694492000000000,I2C,i + NAK
7.695204000000000,I2C,Setup Write to ['150'] + ACK
7.695578000000000,I2C,'5' + ACK
7.696320000000000,I2C,Setup Read to ['151'] + ACK
7.696674000000000,I2C,'255' + ACK
7.697174000000000,I2C,'255' + ACK
7.704710000000000,I2C,'255' + ACK
7.705070000000000,I2C,'255' + NAK
7.705782000000000,I2C,Setup Write to ['152'] + ACK
7.706154000000000,I2C,'5' + ACK
7.706898000000000,I2C,Setup Read to ['153'] + ACK
7.707252000000000,I2C,'255' + ACK
7.707604000000000,I2C,'255' + ACK
7.707958000000000,I2C,'255' + ACK
7.708466000000000,I2C,'255' + NAK
7.719146000000000,I2C,Setup Write to ['148'] + ACK
7.735436000000000,I2C,'5' + ACK
7.743508000000000,I2C,Setup Read to ['149'] + ACK
7.743862000000000,I2C,f + ACK
7.744216000000000,I2C,g + ACK
7.744568000000000,I2C,h + ACK
7.744928000000000,I2C,i + NAK
7.745640000000000,I2C,Setup Write to ['150'] + ACK
7.746012000000000,I2C,'5' + ACK
7.746756000000000,I2C,Setup Read to ['151'] + ACK
7.747110000000000,I2C,'255' + ACK
7.747462000000000,I2C,'255' + ACK
7.747816000000000,I2C,'255' + ACK
7.748176000000000,I2C,'255' + NAK
7.748888000000000,I2C,Setup Write to ['152'] + ACK
7.749260000000000,I2C,'5' + ACK
7.750004000000000,I2C,Setup Read to ['153'] + ACK
7.750358000000000,I2C,'255' + ACK
7.750710000000000,I2C,'255' + ACK
7.751062000000000,I2C,'255' + ACK
7.751424000000000,I2C,'255' + NAK
7.755094000000000,I2C,Setup Write to ['148'] + ACK
7.762624000000000,I2C,'5' + ACK
7.763366000000000,I2C,Setup Read to ['149'] + ACK
7.763868000000000,I2C,f + ACK
7.771366000000000,I2C,g + ACK
7.771720000000000,I2C,h + ACK
7.772080000000000,I2C,i + NAK
7.772792000000000,I2C,Setup Write to ['150'] + ACK
7.773164000000000,I2C,'5' + ACK
7.773908000000000,I2C,Setup Read to ['151'] + ACK
7.774262000000000,I2C,'255' + ACK
7.774614000000000,I2C,'255' + ACK
7.775114000000000,I2C,'255' + ACK
7.782668000000000,I2C,'255' + NAK
7.783380000000000,I2C,Setup Write to ['152'] + ACK
7.783754000000000,I2C,'5' + ACK
7.784496000000000,I2C,Setup Read to ['153'] + ACK
7.784850000000000,I2C,'255' + ACK
7.785204000000000,I2C,'255' + ACK
7.785556000000000,I2C,'255' + ACK
7.786064000000000,I2C,'255' + NAK
7.796732000000000,I2C,Setup Write to ['148'] + ACK
7.797252000000000,I2C,'5' + ACK
7.805140000000000,I2C,Setup Read to ['149'] + ACK
7.805494000000000,I2C,f + ACK
7.805848000000000,I2C,g + ACK
7.806200000000000,I2C,h + ACK
7.806560000000000,I2C,i + NAK
7.807272000000000,I2C,Setup Write to ['150'] + ACK
7.807644000000000,I2C,'5' + ACK
7.808536000000000,I2C,Setup Read to ['151'] + ACK
7.816084000000000,I2C,'255' + ACK
7.816436000000000,I2C,'255' + ACK
7.816790000000000,I2C,'255' + ACK
7.817150000000000,I2C,'255' + NAK
7.817862000000000,I2C,Setup Write to ['152'] + ACK
7.818234000000000,I2C,'5' + ACK
7.818978000000000,I2C,Setup Read to ['153'] + ACK
7.819480000000000,I2C,'255' + ACK
7.826976000000000,I2C,'255' + ACK
7.827330000000000,I2C,'255' + ACK
7.827690000000000,I2C,'255' + NAK
7.831360000000000,I2C,Setup Write to ['148'] + ACK
7.845916000000000,I2C,'5' + ACK
7.854000000000000,I2C,Setup Read to ['149'] + ACK
7.854354000000000,I2C,f + ACK
7.854706000000000,I2C,g + ACK
7.855060000000000,I2C,h + ACK
7.855420000000000,I2C,i + NAK
7.856132000000000,I2C,Setup Write to ['150'] + ACK
7.856504000000000,I2C,'5' + ACK
7.857248000000000,I2C,Setup Read to ['151'] + ACK
7.857602000000000,I2C,'255' + ACK
7.857954000000000,I2C,'255' + ACK
7.858308000000000,I2C,'255' + ACK
7.858668000000000,I2C,'255' + NAK
7.859380000000000,I2C,Setup Write to ['152'] + ACK
7.859752000000000,I2C,'5' + ACK
7.860496000000000,I2C,Setup Read to ['153'] + ACK
7.860850000000000,I2C,'255' + ACK
7.861202000000000,I2C,'255' + ACK
7.861554000000000,I2C,'255' + ACK
7.861914000000000,I2C,'255' + NAK
7.865586000000000,I2C,Setup Write to ['148'] + ACK
7.873116000000000,I2C,'5' + ACK
7.873858000000000,I2C,Setup Read to ['149'] + ACK
7.874212000000000,I2C,f + ACK
7.874566000000000,I2C,g + ACK
7.875066000000000,I2C,h + ACK
7.882572000000000,I2C,i + NAK
7.883284000000000,I2C,Setup Write to ['150'] + ACK
7.883656000000000,I2C,'5' + ACK
7.884400000000000,I2C,Setup Read to ['151'] + ACK
7.884752000000000,I2C,'255' + ACK
7.885106000000000,I2C,'255' + ACK
7.885458000000000,I2C,'255' + ACK
7.885818000000000,I2C,'255' + NAK
7.893860000000000,I2C,Setup Write to ['152'] + ACK
7.894232000000000,I2C,'5' + ACK
7.894976000000000,I2C,Setup Read to ['153'] + ACK
7.895330000000000,I2C,'255' + ACK
7.895682000000000,I2C,'255' + ACK
7.896036000000000,I2C,'255' + ACK
7.896396000000000,I2C,'255' + NAK
7.900066000000000,I2C,Setup Write to ['148'] + ACK
7.907596000000000,I2C,'5' + ACK
7.908488000000000,I2C,Setup Read to ['149'] + ACK
7.915974000000000,I2C,f + ACK
7.916328000000000,I2C,g + ACK
7.916680000000000,I2C,h + ACK
7.917040000000000,I2C,i + NAK
7.917752000000000,I2C,Setup Write to ['150'] + ACK
7.918124000000000,I2C,'5' + ACK
7.918868000000000,I2C,Setup Read to ['151'] + ACK
7.919222000000000,I2C,'255' + ACK
7.926916000000000,I2C,'255' + ACK
7.927270000000000,I2C,'255' + ACK
7.927630000000000,I2C,'255' + NAK
7.928342000000000,I2C,Setup Write to ['152'] + ACK
7.928714000000000,I2C,'5' + ACK
7.929458000000000,I2C,Setup Read to ['153'] + ACK
7.929812000000000,I2C,'255' + ACK
7.930164000000000,I2C,'255' + ACK
7.930664000000000,I2C,'255' + ACK
7.938182000000000,I2C,'255' + NAK
7.941852000000000,I2C,Setup Write to ['148'] + ACK
7.959614000000000,I2C,'5' + ACK
7.967688000000000,I2C,Setup Read to ['149'] + ACK
7.968042000000000,I2C,f + ACK
7.968394000000000,I2C,g + ACK
7.968746000000000,I2C,h + ACK
7.969108000000000,I2C,i + NAK
7.969820000000000,I2C,Setup Write to ['150'] + ACK
7.970192000000000,I2C,'5' + ACK
7.970934000000000,I2C,Setup Read to ['151'] + ACK
7.971288000000000,I2C,'255' + ACK
7.971642000000000,I2C,'255' + ACK
7.971994000000000,I2C,'255' + ACK
7.972354000000000,I2C,'255' + NAK
7.973066000000000,I2C,Setup Write to ['152'] + ACK
7.973438000000000,I2C,'5' + ACK
7.974182000000000,I2C,Setup Read to ['153'] + ACK
7.974536000000000,I2C,'255' + ACK
7.975036000000000,I2C,'255' + ACK
7.982534000000000,I2C,'255' + ACK
7.982894000000000,I2C,'255' + NAK
7.986566000000000,I2C,Setup Write to ['148'] + ACK
7.994084000000000,I2C,'5' + ACK
7.994826000000000,I2C,Setup Read to ['149'] + ACK
7.995180000000000,I2C,f + ACK
7.995534000000000,I2C,g + ACK
7.995886000000000,I2C,h + ACK
7.996246000000000,I2C,i + NAK
7.996958000000000,I2C,Setup Write to ['150'] + ACK
7.997478000000000,I2C,'5' + ACK
8.005404000000000,I2C,Setup Read to ['151'] + ACK
8.005758000000000,I2C,'255' + ACK
8.006110000000000,I2C,'255' + ACK
8.006463999999999,I2C,'255' + ACK
8.006824000000000,I2C,'255' + NAK
8.007536000000000,I2C,Setup Write to ['152'] + ACK
8.007908000000000,I2C,'5' + ACK
8.015955999999999,I2C,Setup Read to ['153'] + ACK
8.016310000000001,I2C,'255' + ACK
8.016662000000000,I2C,'255' + ACK
8.017016000000000,I2C,'255' + ACK
8.017376000000001,I2C,'255' + NAK
8.021046000000000,I2C,Setup Write to ['148'] + ACK
8.028575999999999,I2C,'5' + ACK
8.029320000000000,I2C,Setup Read to ['149'] + ACK
8.029674000000000,I2C,f + ACK
8.030025999999999,I2C,g + ACK
8.030526000000000,I2C,h + ACK
8.038069999999999,I2C,i + NAK
8.038781999999999,I2C,Setup Write to ['150'] + ACK
8.039154000000000,I2C,'5' + ACK
8.039896000000001,I2C,Setup Read to ['151'] + ACK
8.040250000000000,I2C,'255' + ACK
8.040604000000000,I2C,'255' + ACK
8.040956000000000,I2C,'255' + ACK
8.041316000000000,I2C,'255' + NAK
8.049334000000000,I2C,Setup Write to ['152'] + ACK
8.049706000000000,I2C,'5' + ACK
8.050450000000000,I2C,Setup Read to ['153'] + ACK
8.050803999999999,I2C,'255' + ACK
8.051156000000001,I2C,'255' + ACK
8.051508000000000,I2C,'255' + ACK
8.051868000000001,I2C,'255' + NAK
8.055540000000001,I2C,Setup Write to ['148'] + ACK
8.071604000000001,I2C,'5' + ACK
8.079677999999999,I2C,Setup Read to ['149'] + ACK
8.080031999999999,I2C,f + ACK
8.080384000000000,I2C,g + ACK
8.080738000000000,I2C,h + ACK
8.081098000000001,I2C,i + NAK
8.081810000000001,I2C,Setup Write to ['150'] + ACK
8.082182000000000,I2C,'5' + ACK
8.082926000000000,I2C,Setup Read to ['151'] + ACK
8.083280000000000,I2C,'255' + ACK
8.083632000000000,I2C,'255' + ACK
8.083983999999999,I2C,'255' + ACK
8.084346000000000,I2C,'255' + NAK
8.085058000000000,I2C,Setup Write to ['152'] + ACK
8.085430000000001,I2C,'5' + ACK
8.086320000000001,I2C,Setup Read to ['153'] + ACK
8.093832000000001,I2C,'255' + ACK
8.094184000000000,I2C,'255' + ACK
8.094538000000000,I2C,'255' + ACK
8.094898000000001,I2C,'255' + NAK
8.098568000000000,I2C,Setup Write to ['148'] + ACK
8.106085999999999,I2C,'5' + ACK
8.106830000000000,I2C,Setup Read to ['149'] + ACK
8.107184000000000,I2C,f + ACK
8.107536000000000,I2C,g + ACK
8.107888000000001,I2C,h + ACK
8.108396000000001,I2C,i + NAK
8.116289999999999,I2C,Setup Write to ['150'] + ACK
8.116664000000000,I2C,'5' + ACK
8.117406000000001,I2C,Setup Read to ['151'] + ACK
8.117760000000001,I2C,'255' + ACK
8.118114000000000,I2C,'255' + ACK
8.118466000000000,I2C,'255' + ACK
8.118826000000000,I2C,'255' + NAK
8.119686000000000,I2C,Setup Write to ['152'] + ACK
8.127216000000001,I2C,'5' + ACK
8.127958000000000,I2C,Setup Read to ['153'] + ACK
8.128311999999999,I2C,'255' + ACK
8.128666000000001,I2C,'255' + ACK
8.129018000000000,I2C,'255' + ACK
8.129378000000001,I2C,'255' + NAK
8.133050000000001,I2C,Setup Write to ['148'] + ACK
8.140578000000000,I2C,'5' + ACK
8.141322000000001,I2C,Setup Read to ['149'] + ACK
8.141824000000000,I2C,f + ACK
8.149357999999999,I2C,g + ACK
8.149711999999999,I2C,h + ACK
8.150072000000000,I2C,i + NAK
8.150784000000000,I2C,Setup Write to ['150'] + ACK
8.151156000000000,I2C,'5' + ACK
8.151899999999999,I2C,Setup Read to ['151'] + ACK
8.152253999999999,I2C,'255' + ACK
8.152606000000000,I2C,'255' + ACK
8.160252000000000,I2C,'255' + ACK
8.160612000000000,I2C,'255' + NAK
8.161324000000000,I2C,Setup Write to ['152'] + ACK
8.161695999999999,I2C,'5' + ACK
8.162440000000000,I2C,Setup Read to ['153'] + ACK
8.162794000000000,I2C,'255' + ACK
8.163145999999999,I2C,'255' + ACK
8.163500000000001,I2C,'255' + ACK
8.164008000000001,I2C,'255' + NAK
8.188828000000001,I2C,Setup Write to ['148'] + ACK
8.196356000000000,I2C,'5' + ACK
8.197248000000000,I2C,Setup Read to ['149'] + ACK
8.204758000000000,I2C,f + ACK
8.205112000000000,I2C,g + ACK
8.205463999999999,I2C,h + ACK
8.205824000000000,I2C,i + NAK
8.206536000000000,I2C,Setup Write to ['150'] + ACK
8.206908000000000,I2C,'5' + ACK
8.207652000000000,I2C,Setup Read to ['151'] + ACK
8.208005999999999,I2C,'255' + ACK
8.208506000000000,I2C,'255' + ACK
8.216030000000000,I2C,'255' + ACK
8.216390000000001,I2C,'255' + NAK
8.217102000000001,I2C,Setup Write to ['152'] + ACK
8.217473999999999,I2C,'5' + ACK
8.218218000000000,I2C,Setup Read to ['153'] + ACK
8.218572000000000,I2C,'255' + ACK
8.218923999999999,I2C,'255' + ACK
8.219276000000001,I2C,'255' + ACK
8.219784000000001,I2C,'255' + NAK
8.230612000000001,I2C,Setup Write to ['148'] + ACK
8.238130000000000,I2C,'5' + ACK
8.238873999999999,I2C,Setup Read to ['149'] + ACK
8.239228000000001,I2C,f + ACK
8.239580000000000,I2C,g + ACK
8.239934000000000,I2C,h + ACK
8.240294000000000,I2C,i + NAK
8.241006000000000,I2C,Setup Write to ['150'] + ACK
8.241377999999999,I2C,'5' + ACK
8.249464000000000,I2C,Setup Read to ['151'] + ACK
8.249815999999999,I2C,'255' + ACK
8.250170000000001,I2C,'255' + ACK
8.250522000000000,I2C,'255' + ACK
8.250882000000001,I2C,'255' + NAK
8.251594000000001,I2C,Setup Write to ['152'] + ACK
8.251968000000000,I2C,'5' + ACK
8.252858000000000,I2C,Setup Read to ['153'] + ACK
8.260370000000000,I2C,'255' + ACK
8.260721999999999,I2C,'255' + ACK
8.261074000000001,I2C,'255' + ACK
8.261436000000000,I2C,'255' + NAK
8.265105999999999,I2C,Setup Write to ['148'] + ACK
8.272624000000000,I2C,'5' + ACK
8.273365999999999,I2C,Setup Read to ['149'] + ACK
8.273720000000001,I2C,f + ACK
8.274074000000001,I2C,g + ACK
8.274426000000000,I2C,h + ACK
8.274786000000001,I2C,i + NAK
8.289650000000000,I2C,Setup Write to ['150'] + ACK
8.297328000000000,I2C,'5' + ACK
8.305216000000000,I2C,Setup Read to ['151'] + ACK
8.305569999999999,I2C,'255' + ACK
8.305922000000001,I2C,'255' + ACK
8.306276000000000,I2C,'255' + ACK
8.306635999999999,I2C,'255' + NAK
8.307347999999999,I2C,Setup Write to ['152'] + ACK
8.307720000000000,I2C,'5' + ACK
8.308610000000000,I2C,Setup Read to ['153'] + ACK
8.316158000000000,I2C,'255' + ACK
8.316511999999999,I2C,'255' + ACK
8.316864000000001,I2C,'255' + ACK
8.317224000000000,I2C,'255' + NAK
8.320895999999999,I2C,Setup Write to ['148'] + ACK
8.328424000000000,I2C,'5' + ACK
8.329167999999999,I2C,Setup Read to ['149'] + ACK
8.329522000000001,I2C,f + ACK
8.329876000000001,I2C,g + ACK
8.330228000000000,I2C,h + ACK
8.330736000000000,I2C,i + NAK
8.338592000000000,I2C,Setup Write to ['150'] + ACK
8.338965999999999,I2C,'5' + ACK
8.339708000000000,I2C,Setup Read to ['151'] + ACK
8.340062000000000,I2C,'255' + ACK
8.340415999999999,I2C,'255' + ACK
8.340768000000001,I2C,'255' + ACK
8.341127999999999,I2C,'255' + NAK
8.341988000000001,I2C,Setup Write to ['152'] + ACK
8.349553999999999,I2C,'5' + ACK
8.350298000000000,I2C,Setup Read to ['153'] + ACK
8.350652000000000,I2C,'255' + ACK
8.351004000000000,I2C,'255' + ACK
8.351357999999999,I2C,'255' + ACK
8.351718000000000,I2C,'255' + NAK
8.355388000000000,I2C,Setup Write to ['148'] + ACK
8.362918000000001,I2C,'5' + ACK
8.363662000000000,I2C,Setup Read to ['149'] + ACK
8.364162000000000,I2C,f + ACK
8.371672000000000,I2C,g + ACK
8.372026000000000,I2C,h + ACK
8.372386000000001,I2C,i + NAK
8.373098000000001,I2C,Setup Write to ['150'] + ACK
8.373469999999999,I2C,'5' + ACK
8.374214000000000,I2C,Setup Read to ['151'] + ACK
8.374568000000000,I2C,'255' + ACK
8.374919999999999,I2C,'255' + ACK
8.382614000000000,I2C,'255' + ACK
8.382975999999999,I2C,'255' + NAK
8.383687999999999,I2C,Setup Write to ['152'] + ACK
8.384060000000000,I2C,'5' + ACK
8.384802000000001,I2C,Setup Read to ['153'] + ACK
8.385156000000000,I2C,'255' + ACK
8.385510000000000,I2C,'255' + ACK
8.385861999999999,I2C,'255' + ACK
8.386369999999999,I2C,'255' + NAK
8.411154000000000,I2C,Setup Write to ['148'] + ACK
8.418720000000000,I2C,'5' + ACK
8.419610000000000,I2C,Setup Read to ['149'] + ACK
8.427122000000001,I2C,f + ACK
8.427474000000000,I2C,g + ACK
8.427828000000000,I2C,h + ACK
8.428188000000000,I2C,i + NAK
8.428900000000001,I2C,Setup Write to ['150'] + ACK
8.429271999999999,I2C,'5' + ACK
8.430016000000000,I2C,Setup Read to ['151'] + ACK
8.430370000000000,I2C,'255' + ACK
8.430870000000001,I2C,'255' + ACK
8.447580000000000,I2C,'255' + ACK
8.455282000000000,I2C,'255' + NAK
8.455994000000000,I2C,Setup Write to ['152'] + ACK
8.456365999999999,I2C,'5' + ACK
8.457110000000000,I2C,Setup Read to ['153'] + ACK
8.457464000000000,I2C,'255' + ACK
8.457815999999999,I2C,'255' + ACK
8.458170000000001,I2C,'255' + ACK
8.458530000000000,I2C,'255' + NAK
8.462054000000000,I2C,Setup Write to ['148'] + ACK
8.462426000000001,I2C,'5' + ACK
8.463168000000000,I2C,Setup Read to ['149'] + ACK
8.463521999999999,I2C,f + ACK
8.464024000000000,I2C,g + ACK
8.471534000000000,I2C,h + ACK
8.471894000000001,I2C,i + NAK
8.472606000000001,I2C,Setup Write to ['150'] + ACK
8.472977999999999,I2C,'5' + ACK
8.473722000000000,I2C,Setup Read to ['151'] + ACK
8.474076000000000,I2C,'255' + ACK
8.474428000000000,I2C,'255' + ACK
8.474780000000001,I2C,'255' + ACK
8.475288000000001,I2C,'255' + NAK
8.483146000000000,I2C,Setup Write to ['152'] + ACK
8.483518000000000,I2C,'5' + ACK
8.484261999999999,I2C,Setup Read to ['153'] + ACK
8.484616000000001,I2C,'255' + ACK
8.484968000000000,I2C,'255' + ACK
8.485320000000000,I2C,'255' + ACK
8.485682000000001,I2C,'255' + NAK
8.489352000000000,I2C,Setup Write to ['148'] + ACK
8.496918000000001,I2C,'5' + ACK
8.511953999999999,I2C,Setup Read to ['149'] + ACK
8.519612000000000,I2C,f + ACK
8.527146000000000,I2C,g + ACK
8.527500000000000,I2C,h + ACK
8.527860000000000,I2C,i + NAK
8.528572000000000,I2C,Setup Write to ['150'] + ACK
8.528943999999999,I2C,'5' + ACK
8.529688000000000,I2C,Setup Read to ['151'] + ACK
8.530042000000000,I2C,'255' + ACK
8.530393999999999,I2C,'255' + ACK
8.530894000000000,I2C,'255' + ACK
8.538399999999999,I2C,'255' + NAK
8.539111999999999,I2C,Setup Write to ['152'] + ACK
8.539484000000000,I2C,'5' + ACK
8.540228000000001,I2C,Setup Read to ['153'] + ACK
8.540582000000001,I2C,'255' + ACK
8.540934000000000,I2C,'255' + ACK
8.541288000000000,I2C,'255' + ACK
8.541796000000000,I2C,'255' + NAK
8.552476000000000,I2C,Setup Write to ['148'] + ACK
8.552996000000000,I2C,'5' + ACK
8.560922000000000,I2C,Setup Read to ['149'] + ACK
8.561275999999999,I2C,f + ACK
8.561628000000001,I2C,g + ACK
8.561980000000000,I2C,h + ACK
8.562341999999999,I2C,i + NAK
8.563052000000001,I2C,Setup Write to ['150'] + ACK
8.563426000000000,I2C,'5' + ACK
8.564316000000000,I2C,Setup Read to ['151'] + ACK
8.571816000000000,I2C,'255' + ACK
8.572168000000000,I2C,'255' + ACK
8.572520000000001,I2C,'255' + ACK
8.572882000000000,I2C,'255' + NAK
8.573594000000000,I2C,Setup Write to ['152'] + ACK
8.573966000000000,I2C,'5' + ACK
8.574710000000000,I2C,Setup Read to ['153'] + ACK
8.575210000000000,I2C,'255' + ACK
8.582720000000000,I2C,'255' + ACK
8.583074000000000,I2C,'255' + ACK
8.583434000000000,I2C,'255' + NAK
8.587104000000000,I2C,Setup Write to ['148'] + ACK
8.594670000000001,I2C,'5' + ACK
8.595414000000000,I2C,Setup Read to ['149'] + ACK
8.595768000000000,I2C,f + ACK
8.596120000000001,I2C,g + ACK
8.596474000000001,I2C,h + ACK
8.596833999999999,I2C,i + NAK
8.597694000000001,I2C,Setup Write to ['150'] + ACK
8.605212000000000,I2C,'5' + ACK
8.605954000000001,I2C,Setup Read to ['151'] + ACK
8.606308000000000,I2C,'255' + ACK
8.606662000000000,I2C,'255' + ACK
8.607013999999999,I2C,'255' + ACK
8.607374000000000,I2C,'255' + NAK
8.608086000000000,I2C,Setup Write to ['152'] + ACK
8.608606000000000,I2C,'5' + ACK
8.632099999999999,I2C,Setup Read to ['153'] + ACK
8.632453999999999,I2C,'255' + ACK
8.632808000000001,I2C,'255' + ACK
8.633160000000000,I2C,'255' + ACK
8.633520000000001,I2C,'255' + NAK
8.637043999999999,I2C,Setup Write to ['148'] + ACK
8.637416000000000,I2C,'5' + ACK
8.638159999999999,I2C,Setup Read to ['149'] + ACK
8.638514000000001,I2C,f + ACK
8.638866000000000,I2C,g + ACK
8.639218000000000,I2C,h + ACK
8.639580000000000,I2C,i + NAK
8.640292000000001,I2C,Setup Write to ['150'] + ACK
8.640663999999999,I2C,'5' + ACK
8.641408000000000,I2C,Setup Read to ['151'] + ACK
8.641908000000001,I2C,'255' + ACK
8.649418000000001,I2C,'255' + ACK
8.649772000000000,I2C,'255' + ACK
8.650131999999999,I2C,'255' + NAK
8.650843999999999,I2C,Setup Write to ['152'] + ACK
8.651216000000000,I2C,'5' + ACK
8.651960000000001,I2C,Setup Read to ['153'] + ACK
8.652314000000001,I2C,'255' + ACK
8.652666000000000,I2C,'255' + ACK
8.653166000000001,I2C,'255' + ACK
8.660672000000000,I2C,'255' + NAK
8.664342000000000,I2C,Setup Write to ['148'] + ACK
8.671910000000000,I2C,'5' + ACK
8.672651999999999,I2C,Setup Read to ['149'] + ACK
8.673006000000001,I2C,f + ACK
8.673360000000001,I2C,g + ACK
8.673712000000000,I2C,h + ACK
8.674072000000001,I2C,i + NAK
8.674784000000001,I2C,Setup Write to ['150'] + ACK
8.675304000000001,I2C,'5' + ACK
8.683204000000000,I2C,Setup Read to ['151'] + ACK
8.683558000000000,I2C,'255' + ACK
8.683911999999999,I2C,'255' + ACK
8.684264000000001,I2C,'255' + ACK
8.684623999999999,I2C,'255' + NAK
8.685336000000000,I2C,Setup Write to ['152'] + ACK
8.685708000000000,I2C,'5' + ACK
8.686600000000000,I2C,Setup Read to ['153'] + ACK
8.694110000000000,I2C,'255' + ACK
8.694464000000000,I2C,'255' + ACK
8.694815999999999,I2C,'255' + ACK
8.695176000000000,I2C,'255' + NAK
8.698848000000000,I2C,Setup Write to ['148'] + ACK
8.706402000000001,I2C,'5' + ACK
8.707146000000000,I2C,Setup Read to ['149'] + ACK
8.707500000000000,I2C,f + ACK
8.707852000000001,I2C,g + ACK
8.708204000000000,I2C,h + ACK
8.708712000000000,I2C,i + NAK
8.716570000000001,I2C,Setup Write to ['150'] + ACK
8.716942000000000,I2C,'5' + ACK
8.717686000000000,I2C,Setup Read to ['151'] + ACK
8.718040000000000,I2C,'255' + ACK
8.718392000000000,I2C,'255' + ACK
8.718745999999999,I2C,'255' + ACK
8.719106000000000,I2C,'255' + NAK
8.719965999999999,I2C,Setup Write to ['152'] + ACK
8.737068000000001,I2C,'5' + ACK
8.745142000000000,I2C,Setup Read to ['153'] + ACK
8.745495999999999,I2C,'255' + ACK
8.745848000000001,I2C,'255' + ACK
8.746202000000000,I2C,'255' + ACK
8.746562000000001,I2C,'255' + NAK
8.750086000000000,I2C,Setup Write to ['148'] + ACK
8.750458000000000,I2C,'5' + ACK
8.751200000000001,I2C,Setup Read to ['149'] + ACK
8.751554000000000,I2C,f + ACK
8.751908000000000,I2C,g + ACK
8.752260000000000,I2C,h + ACK
8.752620000000000,I2C,i + NAK
8.760626000000000,I2C,Setup Write to ['150'] + ACK
8.760998000000001,I2C,'5' + ACK
8.761742000000000,I2C,Setup Read to ['151'] + ACK
8.762096000000000,I2C,'255' + ACK
8.762447999999999,I2C,'255' + ACK
8.762800000000000,I2C,'255' + ACK
8.763159999999999,I2C,'255' + NAK
8.763871999999999,I2C,Setup Write to ['152'] + ACK
8.764392000000001,I2C,'5' + ACK
8.772282000000001,I2C,Setup Read to ['153'] + ACK
8.772636000000000,I2C,'255' + ACK
8.772988000000000,I2C,'255' + ACK
8.773339999999999,I2C,'255' + ACK
8.773702000000000,I2C,'255' + NAK
8.777372000000000,I2C,Setup Write to ['148'] + ACK
8.784938000000000,I2C,'5' + ACK
8.785682000000000,I2C,Setup Read to ['149'] + ACK
8.786035999999999,I2C,f + ACK
8.786536000000000,I2C,g + ACK
8.794034000000000,I2C,h + ACK
8.794394000000000,I2C,i + NAK
8.795106000000001,I2C,Setup Write to ['150'] + ACK
8.795477999999999,I2C,'5' + ACK
8.796222000000000,I2C,Setup Read to ['151'] + ACK
8.796576000000000,I2C,'255' + ACK
8.796927999999999,I2C,'255' + ACK
8.797430000000000,I2C,'255' + ACK
8.804945999999999,I2C,'255' + NAK
8.805657999999999,I2C,Setup Write to ['152'] + ACK
8.806032000000000,I2C,'5' + ACK
8.806774000000001,I2C,Setup Read to ['153'] + ACK
8.807128000000001,I2C,'255' + ACK
8.807482000000000,I2C,'255' + ACK
8.807834000000000,I2C,'255' + ACK
8.808194000000000,I2C,'255' + NAK
8.819060000000000,I2C,Setup Write to ['148'] + ACK
8.819432000000001,I2C,'5' + ACK
8.827480000000000,I2C,Setup Read to ['149'] + ACK
8.827833999999999,I2C,f + ACK
8.828186000000001,I2C,g + ACK
8.828540000000000,I2C,h + ACK
8.828900000000001,I2C,i + NAK
8.829611999999999,I2C,Setup Write to ['150'] + ACK
8.829984000000000,I2C,'5' + ACK
8.830874000000000,I2C,Setup Read to ['151'] + ACK
8.846973999999999,I2C,'255' + ACK
8.854658000000001,I2C,'255' + ACK
8.855010000000000,I2C,'255' + ACK
8.855370000000001,I2C,'255' + NAK
8.856082000000001,I2C,Setup Write to ['152'] + ACK
8.856453999999999,I2C,'5' + ACK
8.857198000000000,I2C,Setup Read to ['153'] + ACK
8.857552000000000,I2C,'255' + ACK
8.857904000000000,I2C,'255' + ACK
8.858257999999999,I2C,'255' + ACK
8.858618000000000,I2C,'255' + NAK
8.862140000000000,I2C,Setup Write to ['148'] + ACK
8.862513999999999,I2C,'5' + ACK
8.863256000000000,I2C,Setup Read to ['149'] + ACK
8.863610000000000,I2C,f + ACK
8.863963999999999,I2C,g + ACK
8.871608000000000,I2C,h + ACK
8.871969999999999,I2C,i + NAK
8.872681999999999,I2C,Setup Write to ['150'] + ACK
8.873054000000000,I2C,'5' + ACK
8.873796000000000,I2C,Setup Read to ['151'] + ACK
8.874150000000000,I2C,'255' + ACK
8.874504000000000,I2C,'255' + ACK
8.874855999999999,I2C,'255' + ACK
8.875363999999999,I2C,'255' + NAK
8.883222000000000,I2C,Setup Write to ['152'] + ACK
8.883594000000000,I2C,'5' + ACK
8.884338000000000,I2C,Setup Read to ['153'] + ACK
8.884691999999999,I2C,'255' + ACK
8.885044000000001,I2C,'255' + ACK
8.885396000000000,I2C,'255' + ACK
8.885757999999999,I2C,'255' + NAK
8.889428000000001,I2C,Setup Write to ['148'] + ACK
8.896993999999999,I2C,'5' + ACK
8.905042000000000,I2C,Setup Read to ['149'] + ACK
8.905396000000000,I2C,f + ACK
8.905749999999999,I2C,g + ACK
8.906102000000001,I2C,h + ACK
8.906461999999999,I2C,i + NAK
8.907173999999999,I2C,Setup Write to ['150'] + ACK
8.907546000000000,I2C,'5' + ACK
8.908289999999999,I2C,Setup Read to ['151'] + ACK
8.908792000000000,I2C,'255' + ACK
8.916290000000000,I2C,'255' + ACK
8.916642000000000,I2C,'255' + ACK
8.917002000000000,I2C,'255' + NAK
8.917714000000000,I2C,Setup Write to ['152'] + ACK
8.918086000000001,I2C,'5' + ACK
8.918830000000000,I2C,Setup Read to ['153'] + ACK
8.919184000000000,I2C,'255' + ACK
8.919684000000000,I2C,'255' + ACK
8.927232000000000,I2C,'255' + ACK
8.927592000000001,I2C,'255' + NAK
8.931264000000001,I2C,Setup Write to ['148'] + ACK
8.938794000000000,I2C,'5' + ACK
8.939536000000000,I2C,Setup Read to ['149'] + ACK
8.939890000000000,I2C,f + ACK
8.940244000000000,I2C,g + ACK
8.940595999999999,I2C,h + ACK
8.940956000000000,I2C,i + NAK
8.941668000000000,I2C,Setup Write to ['150'] + ACK
8.942188000000000,I2C,'5' + ACK
8.964468000000000,I2C,Setup Read to ['151'] + ACK
8.971978000000000,I2C,'255' + ACK
8.972329999999999,I2C,'255' + ACK
8.972683999999999,I2C,'255' + ACK
8.973044000000000,I2C,'255' + NAK
8.973756000000000,I2C,Setup Write to ['152'] + ACK
8.974128000000000,I2C,'5' + ACK
8.974872000000000,I2C,Setup Read to ['153'] + ACK
8.975374000000000,I2C,'255' + ACK
8.982872000000000,I2C,'255' + ACK
8.983224000000000,I2C,'255' + ACK
8.983584000000000,I2C,'255' + NAK
8.987256000000000,I2C,Setup Write to ['148'] + ACK
8.994809999999999,I2C,'5' + ACK
8.995552000000000,I2C,Setup Read to ['149'] + ACK
8.995906000000000,I2C,f + ACK
8.996259999999999,I2C,g + ACK
8.996612000000001,I2C,h + ACK
8.996972000000000,I2C,i + NAK
8.997832000000001,I2C,Setup Write to ['150'] + ACK
9.005350000000000,I2C,'5' + ACK
9.006093999999999,I2C,Setup Read to ['151'] + ACK
9.006448000000001,I2C,'255' + ACK
9.006800000000000,I2C,'255' + ACK
9.007152000000000,I2C,'255' + ACK
9.007514000000000,I2C,'255' + NAK
9.008226000000001,I2C,Setup Write to ['152'] + ACK
9.008746000000000,I2C,'5' + ACK
9.016634000000000,I2C,Setup Read to ['153'] + ACK
9.016988000000000,I2C,'255' + ACK
9.017340000000001,I2C,'255' + ACK
9.017694000000001,I2C,'255' + ACK
9.018053999999999,I2C,'255' + NAK
9.021724000000001,I2C,Setup Write to ['148'] + ACK
9.029290000000000,I2C,'5' + ACK
9.030034000000001,I2C,Setup Read to ['149'] + ACK
9.030388000000000,I2C,f + ACK
9.030887999999999,I2C,g + ACK
9.038398000000001,I2C,h + ACK
9.038758000000000,I2C,i + NAK
9.039470000000000,I2C,Setup Write to ['150'] + ACK
9.039842000000000,I2C,'5' + ACK
9.040585999999999,I2C,Setup Read to ['151'] + ACK
9.040940000000001,I2C,'255' + ACK
9.041292000000000,I2C,'255' + ACK
9.041646000000000,I2C,'255' + ACK
9.042154000000000,I2C,'255' + NAK
9.050010000000000,I2C,Setup Write to ['152'] + ACK
9.050383999999999,I2C,'5' + ACK
9.051126000000000,I2C,Setup Read to ['153'] + ACK
9.051480000000000,I2C,'255' + ACK
9.051833999999999,I2C,'255' + ACK
9.052186000000001,I2C,'255' + ACK
9.052546000000000,I2C,'255' + NAK
9.056217999999999,I2C,Setup Write to ['148'] + ACK
9.074004000000000,I2C,'5' + ACK
9.082039999999999,I2C,Setup Read to ['149'] + ACK
9.082394000000001,I2C,f + ACK
9.082746000000000,I2C,g + ACK
9.083100000000000,I2C,h + ACK
9.083460000000001,I2C,i + NAK
9.084172000000001,I2C,Setup Write to ['150'] + ACK
9.084543999999999,I2C,'5' + ACK
9.085288000000000,I2C,Setup Read to ['151'] + ACK
9.085642000000000,I2C,'255' + ACK
9.085993999999999,I2C,'255' + ACK
9.086494000000000,I2C,'255' + ACK
9.094011999999999,I2C,'255' + NAK
9.094723999999999,I2C,Setup Write to ['152'] + ACK
9.095096000000000,I2C,'5' + ACK
9.095840000000001,I2C,Setup Read to ['153'] + ACK
9.096194000000001,I2C,'255' + ACK
9.096546000000000,I2C,'255' + ACK
9.096900000000000,I2C,'255' + ACK
9.097260000000000,I2C,'255' + NAK
9.108124000000000,I2C,Setup Write to ['148'] + ACK
9.108644000000000,I2C,'5' + ACK
9.116531999999999,I2C,Setup Read to ['149'] + ACK
9.116885999999999,I2C,f + ACK
9.117240000000001,I2C,g + ACK
9.117592000000000,I2C,h + ACK
9.117952000000001,I2C,i + NAK
9.118664000000001,I2C,Setup Write to ['150'] + ACK
9.119038000000000,I2C,'5' + ACK
9.119928000000000,I2C,Setup Read to ['151'] + ACK
9.127440000000000,I2C,'255' + ACK
9.127791999999999,I2C,'255' + ACK
9.128144000000001,I2C,'255' + ACK
9.128504000000000,I2C,'255' + NAK
9.129216000000000,I2C,Setup Write to ['152'] + ACK
9.129590000000000,I2C,'5' + ACK
9.130331999999999,I2C,Setup Read to ['153'] + ACK
9.130686000000001,I2C,'255' + ACK
9.138382000000000,I2C,'255' + ACK
9.138733999999999,I2C,'255' + ACK
9.139094000000000,I2C,'255' + NAK
9.142764000000000,I2C,Setup Write to ['148'] + ACK
9.150294000000001,I2C,'5' + ACK
9.151038000000000,I2C,Setup Read to ['149'] + ACK
9.151392000000000,I2C,f + ACK
9.151744000000001,I2C,g + ACK
9.152098000000001,I2C,h + ACK
9.152457999999999,I2C,i + NAK
9.153318000000001,I2C,Setup Write to ['150'] + ACK
9.160833999999999,I2C,'5' + ACK
9.161578000000000,I2C,Setup Read to ['151'] + ACK
9.161932000000000,I2C,'255' + ACK
9.162284000000000,I2C,'255' + ACK
9.162637999999999,I2C,'255' + ACK
9.162998000000000,I2C,'255' + NAK
9.163710000000000,I2C,Setup Write to ['152'] + ACK
9.164230000000000,I2C,'5' + ACK
9.188008000000000,I2C,Setup Read to ['153'] + ACK
9.188362000000000,I2C,'255' + ACK
9.188713999999999,I2C,'255' + ACK
9.189068000000001,I2C,'255' + ACK
9.189427999999999,I2C,'255' + NAK
9.192950000000000,I2C,Setup Write to ['148'] + ACK
9.193322000000000,I2C,'5' + ACK
9.194065999999999,I2C,Setup Read to ['149'] + ACK
9.194419999999999,I2C,f + ACK
9.194774000000001,I2C,g + ACK
9.195126000000000,I2C,h + ACK
9.195486000000001,I2C,i + NAK
9.196198000000001,I2C,Setup Write to ['150'] + ACK
9.196569999999999,I2C,'5' + ACK
9.197314000000000,I2C,Setup Read to ['151'] + ACK
9.197816000000000,I2C,'255' + ACK
9.205325999999999,I2C,'255' + ACK
9.205678000000001,I2C,'255' + ACK
9.206037999999999,I2C,'255' + NAK
9.206750000000000,I2C,Setup Write to ['152'] + ACK
9.207122000000000,I2C,'5' + ACK
9.207865999999999,I2C,Setup Read to ['153'] + ACK
9.208220000000001,I2C,'255' + ACK
9.208720000000000,I2C,'255' + ACK
9.216267999999999,I2C,'255' + ACK
9.216628000000000,I2C,'255' + NAK
9.220298000000000,I2C,Setup Write to ['148'] + ACK
9.227816000000001,I2C,'5' + ACK
9.228560000000000,I2C,Setup Read to ['149'] + ACK
9.228914000000000,I2C,f + ACK
9.229266000000001,I2C,g + ACK
9.229618000000000,I2C,h + ACK
9.229979999999999,I2C,i + NAK
9.230691999999999,I2C,Setup Write to ['150'] + ACK
9.231211999999999,I2C,'5' + ACK
9.239100000000001,I2C,Setup Read to ['151'] + ACK
9.239454000000000,I2C,'255' + ACK
9.239806000000000,I2C,'255' + ACK
9.240159999999999,I2C,'255' + ACK
9.240520000000000,I2C,'255' + NAK
9.241232000000000,I2C,Setup Write to ['152'] + ACK
9.241604000000001,I2C,'5' + ACK
9.249688000000001,I2C,Setup Read to ['153'] + ACK
9.250042000000001,I2C,'255' + ACK
9.250396000000000,I2C,'255' + ACK
9.250748000000000,I2C,'255' + ACK
9.251108000000000,I2C,'255' + NAK
9.254780000000000,I2C,Setup Write to ['148'] + ACK
9.262297999999999,I2C,'5' + ACK
9.263040000000000,I2C,Setup Read to ['149'] + ACK
9.263394000000000,I2C,f + ACK
9.263748000000000,I2C,g + ACK
9.264248000000000,I2C,h + ACK
9.271754000000000,I2C,i + NAK
9.272466000000000,I2C,Setup Write to ['150'] + ACK
9.272838000000000,I2C,'5' + ACK
9.273580000000001,I2C,Setup Read to ['151'] + ACK
9.273934000000001,I2C,'255' + ACK
9.274288000000000,I2C,'255' + ACK
9.274640000000000,I2C,'255' + ACK
9.275000000000000,I2C,'255' + NAK
9.289864000000000,I2C,Setup Write to ['152'] + ACK
9.297394000000001,I2C,'5' + ACK
9.305429999999999,I2C,Setup Read to ['153'] + ACK
9.305783999999999,I2C,'255' + ACK
9.306136000000000,I2C,'255' + ACK
9.306490000000000,I2C,'255' + ACK
9.306850000000001,I2C,'255' + NAK
9.310520000000000,I2C,Setup Write to ['148'] + ACK
9.318085999999999,I2C,'5' + ACK
9.318830000000000,I2C,Setup Read to ['149'] + ACK
9.319184000000000,I2C,f + ACK
9.319535999999999,I2C,g + ACK
9.320038000000000,I2C,h + ACK
9.327541999999999,I2C,i + NAK
9.328253999999999,I2C,Setup Write to ['150'] + ACK
9.328628000000000,I2C,'5' + ACK
9.329370000000001,I2C,Setup Read to ['151'] + ACK
9.329724000000001,I2C,'255' + ACK
9.330078000000000,I2C,'255' + ACK
9.330430000000000,I2C,'255' + ACK
9.330938000000000,I2C,'255' + NAK
9.338806000000000,I2C,Setup Write to ['152'] + ACK
9.339180000000001,I2C,'5' + ACK
9.339922000000000,I2C,Setup Read to ['153'] + ACK
9.340275999999999,I2C,'255' + ACK
9.340630000000001,I2C,'255' + ACK
9.340982000000000,I2C,'255' + ACK
9.341341999999999,I2C,'255' + NAK
9.345014000000001,I2C,Setup Write to ['148'] + ACK
9.352580000000000,I2C,'5' + ACK
9.353470000000000,I2C,Setup Read to ['149'] + ACK
9.360982000000000,I2C,f + ACK
9.361333999999999,I2C,g + ACK
9.361687999999999,I2C,h + ACK
9.362048000000000,I2C,i + NAK
9.362760000000000,I2C,Setup Write to ['150'] + ACK
9.363132000000000,I2C,'5' + ACK
9.363875999999999,I2C,Setup Read to ['151'] + ACK
9.364376000000000,I2C,'255' + ACK
9.371874000000000,I2C,'255' + ACK
9.372228000000000,I2C,'255' + ACK
9.372588000000000,I2C,'255' + NAK
9.373300000000000,I2C,Setup Write to ['152'] + ACK
9.373671999999999,I2C,'5' + ACK
9.374416000000000,I2C,Setup Read to ['153'] + ACK
9.374770000000000,I2C,'255' + ACK
9.375121999999999,I2C,'255' + ACK
9.375622000000000,I2C,'255' + ACK
9.383177999999999,I2C,'255' + NAK
9.386848000000001,I2C,Setup Write to ['148'] + ACK
9.401176000000000,I2C,'5' + ACK
9.416406000000000,I2C,Setup Read to ['149'] + ACK
9.416760000000000,I2C,f + ACK
9.417111999999999,I2C,g + ACK
9.417464000000001,I2C,h + ACK
9.417826000000000,I2C,i + NAK
9.418538000000000,I2C,Setup Write to ['150'] + ACK
9.418910000000000,I2C,'5' + ACK
9.419654000000000,I2C,Setup Read to ['151'] + ACK
9.420154000000000,I2C,'255' + ACK
9.427664000000000,I2C,'255' + ACK
9.428018000000000,I2C,'255' + ACK
9.428378000000000,I2C,'255' + NAK
9.429090000000000,I2C,Setup Write to ['152'] + ACK
9.429461999999999,I2C,'5' + ACK
9.430206000000000,I2C,Setup Read to ['153'] + ACK
9.430560000000000,I2C,'255' + ACK
9.431060000000000,I2C,'255' + ACK
9.438570000000000,I2C,'255' + ACK
9.438929999999999,I2C,'255' + NAK
9.442600000000001,I2C,Setup Write to ['148'] + ACK
9.450156000000000,I2C,'5' + ACK
9.450898000000000,I2C,Setup Read to ['149'] + ACK
9.451252000000000,I2C,f + ACK
9.451606000000000,I2C,g + ACK
9.451957999999999,I2C,h + ACK
9.452318000000000,I2C,i + NAK
9.453030000000000,I2C,Setup Write to ['150'] + ACK
9.460708000000000,I2C,'5' + ACK
9.461449999999999,I2C,Setup Read to ['151'] + ACK
9.461804000000001,I2C,'255' + ACK
9.462158000000001,I2C,'255' + ACK
9.462510000000000,I2C,'255' + ACK
9.462870000000001,I2C,'255' + NAK
9.463582000000001,I2C,Setup Write to ['152'] + ACK
9.463953999999999,I2C,'5' + ACK
9.472004000000000,I2C,Setup Read to ['153'] + ACK
9.472356000000000,I2C,'255' + ACK
9.472709999999999,I2C,'255' + ACK
9.473062000000001,I2C,'255' + ACK
9.473421999999999,I2C,'255' + NAK
9.477093999999999,I2C,Setup Write to ['148'] + ACK
9.484660000000000,I2C,'5' + ACK
9.485404000000001,I2C,Setup Read to ['149'] + ACK
9.485758000000001,I2C,f + ACK
9.486110000000000,I2C,g + ACK
9.486610000000001,I2C,h + ACK
9.494128000000000,I2C,i + NAK
9.494840000000000,I2C,Setup Write to ['150'] + ACK
9.495212000000000,I2C,'5' + ACK
9.495956000000000,I2C,Setup Read to ['151'] + ACK
9.496309999999999,I2C,'255' + ACK
9.496662000000001,I2C,'255' + ACK
9.497016000000000,I2C,'255' + ACK
9.497375999999999,I2C,'255' + NAK
9.512202000000000,I2C,Setup Write to ['152'] + ACK
9.519904000000000,I2C,'5' + ACK
9.527804000000000,I2C,Setup Read to ['153'] + ACK
9.528157999999999,I2C,'255' + ACK
9.528511999999999,I2C,'255' + ACK
9.528864000000000,I2C,'255' + ACK
9.529223999999999,I2C,'255' + NAK
9.532895999999999,I2C,Setup Write to ['148'] + ACK
9.540412000000000,I2C,'5' + ACK
9.541156000000001,I2C,Setup Read to ['149'] + ACK
9.541510000000001,I2C,f + ACK
9.541862000000000,I2C,g + ACK
9.542363999999999,I2C,h + ACK
9.559118000000000,I2C,i + NAK
9.567136000000000,I2C,Setup Write to ['150'] + ACK
9.567508000000000,I2C,'5' + ACK
9.568251999999999,I2C,Setup Read to ['151'] + ACK
9.568604000000001,I2C,'255' + ACK
9.568958000000000,I2C,'255' + ACK
9.569310000000000,I2C,'255' + ACK
9.569670000000000,I2C,'255' + NAK
9.570382000000000,I2C,Setup Write to ['152'] + ACK
9.570755999999999,I2C,'5' + ACK
9.571498000000000,I2C,Setup Read to ['153'] + ACK
9.571852000000000,I2C,'255' + ACK
9.572206000000000,I2C,'255' + ACK
9.572558000000001,I2C,'255' + ACK
9.572918000000000,I2C,'255' + NAK
9.576589999999999,I2C,Setup Write to ['148'] + ACK
9.584106000000000,I2C,'5' + ACK
9.584849999999999,I2C,Setup Read to ['149'] + ACK
9.585203999999999,I2C,f + ACK
9.585556000000000,I2C,g + ACK
9.585910000000000,I2C,h + ACK
9.586270000000001,I2C,i + NAK
9.594312000000000,I2C,Setup Write to ['150'] + ACK
9.594684000000001,I2C,'5' + ACK
9.595428000000000,I2C,Setup Read to ['151'] + ACK
9.595782000000000,I2C,'255' + ACK
9.596133999999999,I2C,'255' + ACK
9.596486000000001,I2C,'255' + ACK
9.596848000000000,I2C,'255' + NAK
9.597706000000001,I2C,Setup Write to ['152'] + ACK
9.605224000000000,I2C,'5' + ACK
9.605968000000001,I2C,Setup Read to ['153'] + ACK
9.606322000000000,I2C,'255' + ACK
9.606674000000000,I2C,'255' + ACK
9.607028000000000,I2C,'255' + ACK
9.607388000000000,I2C,'255' + NAK
9.611058000000000,I2C,Setup Write to ['148'] + ACK
9.625574000000000,I2C,'5' + ACK
9.633648000000001,I2C,Setup Read to ['149'] + ACK
9.634002000000001,I2C,f + ACK
9.634354000000000,I2C,g + ACK
9.634708000000000,I2C,h + ACK
9.635068000000000,I2C,i + NAK
9.635780000000000,I2C,Setup Write to ['150'] + ACK
9.636151999999999,I2C,'5' + ACK
9.636896000000000,I2C,Setup Read to ['151'] + ACK
9.637250000000000,I2C,'255' + ACK
9.637601999999999,I2C,'255' + ACK
9.637954000000001,I2C,'255' + ACK
9.638313999999999,I2C,'255' + NAK
9.639025999999999,I2C,Setup Write to ['152'] + ACK
9.639400000000000,I2C,'5' + ACK
9.640142000000001,I2C,Setup Read to ['153'] + ACK
9.640496000000001,I2C,'255' + ACK
9.640850000000000,I2C,'255' + ACK
9.641202000000000,I2C,'255' + ACK
9.641562000000000,I2C,'255' + NAK
9.645234000000000,I2C,Setup Write to ['148'] + ACK
9.652761999999999,I2C,'5' + ACK
9.660810000000000,I2C,Setup Read to ['149'] + ACK
9.661163999999999,I2C,f + ACK
9.661517999999999,I2C,g + ACK
9.661870000000000,I2C,h + ACK
9.662229999999999,I2C,i + NAK
9.662941999999999,I2C,Setup Write to ['150'] + ACK
9.663314000000000,I2C,'5' + ACK
9.664058000000001,I2C,Setup Read to ['151'] + ACK
9.664560000000000,I2C,'255' + ACK
9.672094000000000,I2C,'255' + ACK
9.672447999999999,I2C,'255' + ACK
9.672808000000000,I2C,'255' + NAK
9.673520000000000,I2C,Setup Write to ['152'] + ACK
9.673892000000000,I2C,'5' + ACK
9.674636000000000,I2C,Setup Read to ['153'] + ACK
9.674989999999999,I2C,'255' + ACK
9.675490000000000,I2C,'255' + ACK
9.682988000000000,I2C,'255' + ACK
9.683348000000001,I2C,'255' + NAK
9.687018000000000,I2C,Setup Write to ['148'] + ACK
9.694547999999999,I2C,'5' + ACK
9.695292000000000,I2C,Setup Read to ['149'] + ACK
9.695646000000000,I2C,f + ACK
9.695997999999999,I2C,g + ACK
9.696351999999999,I2C,h + ACK
9.696712000000000,I2C,i + NAK
9.697424000000000,I2C,Setup Write to ['150'] + ACK
9.697944000000000,I2C,'5' + ACK
9.705882000000001,I2C,Setup Read to ['151'] + ACK
9.706234000000000,I2C,'255' + ACK
9.706588000000000,I2C,'255' + ACK
9.706939999999999,I2C,'255' + ACK
9.707300000000000,I2C,'255' + NAK
9.708012000000000,I2C,Setup Write to ['152'] + ACK
9.708386000000001,I2C,'5' + ACK
9.716434000000000,I2C,Setup Read to ['153'] + ACK
9.716787999999999,I2C,'255' + ACK
9.717140000000001,I2C,'255' + ACK
9.717492000000000,I2C,'255' + ACK
9.717854000000001,I2C,'255' + NAK
9.721524000000000,I2C,Setup Write to ['148'] + ACK
9.737294000000000,I2C,'5' + ACK
9.745378000000001,I2C,Setup Read to ['149'] + ACK
9.745732000000000,I2C,f + ACK
9.746086000000000,I2C,g + ACK
9.746437999999999,I2C,h + ACK
9.746798000000000,I2C,i + NAK
9.747510000000000,I2C,Setup Write to ['150'] + ACK
9.747882000000001,I2C,'5' + ACK
9.748626000000000,I2C,Setup Read to ['151'] + ACK
9.748980000000000,I2C,'255' + ACK
9.749333999999999,I2C,'255' + ACK
9.749686000000001,I2C,'255' + ACK
9.750045999999999,I2C,'255' + NAK
9.750757999999999,I2C,Setup Write to ['152'] + ACK
9.751130000000000,I2C,'5' + ACK
9.751874000000001,I2C,Setup Read to ['153'] + ACK
9.752228000000001,I2C,'255' + ACK
9.752580000000000,I2C,'255' + ACK
9.752934000000000,I2C,'255' + ACK
9.753442000000000,I2C,'255' + NAK
9.764110000000001,I2C,Setup Write to ['148'] + ACK
9.764630000000000,I2C,'5' + ACK
9.772530000000000,I2C,Setup Read to ['149'] + ACK
9.772883999999999,I2C,f + ACK
9.773236000000001,I2C,g + ACK
9.773590000000000,I2C,h + ACK
9.773949999999999,I2C,i + NAK
9.774661999999999,I2C,Setup Write to ['150'] + ACK
9.775034000000000,I2C,'5' + ACK
9.783108000000000,I2C,Setup Read to ['151'] + ACK
9.783462000000000,I2C,'255' + ACK
9.783814000000000,I2C,'255' + ACK
9.784166000000001,I2C,'255' + ACK
9.784528000000000,I2C,'255' + NAK
9.785240000000000,I2C,Setup Write to ['152'] + ACK
9.785612000000000,I2C,'5' + ACK
9.786353999999999,I2C,Setup Read to ['153'] + ACK
9.786856000000000,I2C,'255' + ACK
9.794366000000000,I2C,'255' + ACK
9.794720000000000,I2C,'255' + ACK
9.795080000000000,I2C,'255' + NAK
9.798750000000000,I2C,Setup Write to ['148'] + ACK
9.806279999999999,I2C,'5' + ACK
9.807024000000000,I2C,Setup Read to ['149'] + ACK
9.807378000000000,I2C,f + ACK
9.807729999999999,I2C,g + ACK
9.808082000000001,I2C,h + ACK
9.808441999999999,I2C,i + NAK
9.816496000000001,I2C,Setup Write to ['150'] + ACK
9.816867999999999,I2C,'5' + ACK
9.817612000000000,I2C,Setup Read to ['151'] + ACK
9.817966000000000,I2C,'255' + ACK
9.818320000000000,I2C,'255' + ACK
9.818671999999999,I2C,'255' + ACK
9.819032000000000,I2C,'255' + NAK
9.819744000000000,I2C,Setup Write to ['152'] + ACK
9.820264000000000,I2C,'5' + ACK
9.828163999999999,I2C,Setup Read to ['153'] + ACK
9.828518000000001,I2C,'255' + ACK
9.828872000000000,I2C,'255' + ACK
9.829224000000000,I2C,'255' + ACK
9.829584000000001,I2C,'255' + NAK
9.833256000000000,I2C,Setup Write to ['148'] + ACK
9.850348000000000,I2C,'5' + ACK
9.858432000000001,I2C,Setup Read to ['149'] + ACK
9.858786000000000,I2C,f + ACK
9.859138000000000,I2C,g + ACK
9.859491999999999,I2C,h + ACK
9.859852000000000,I2C,i + NAK
9.860564000000000,I2C,Setup Write to ['150'] + ACK
9.860936000000001,I2C,'5' + ACK
9.861680000000000,I2C,Setup Read to ['151'] + ACK
9.862034000000000,I2C,'255' + ACK
9.862386000000001,I2C,'255' + ACK
9.862740000000001,I2C,'255' + ACK
9.863099999999999,I2C,'255' + NAK
9.863811999999999,I2C,Setup Write to ['152'] + ACK
9.864184000000000,I2C,'5' + ACK
9.872220000000000,I2C,Setup Read to ['153'] + ACK
9.872574000000000,I2C,'255' + ACK
9.872926000000000,I2C,'255' + ACK
9.873279999999999,I2C,'255' + ACK
9.873640000000000,I2C,'255' + NAK
9.877310000000000,I2C,Setup Write to ['148'] + ACK
9.884840000000001,I2C,'5' + ACK
9.885584000000000,I2C,Setup Read to ['149'] + ACK
9.885937999999999,I2C,f + ACK
9.886290000000001,I2C,g + ACK
9.886790000000000,I2C,h + ACK
9.894344000000000,I2C,i + NAK
9.895056000000000,I2C,Setup Write to ['150'] + ACK
9.895429999999999,I2C,'5' + ACK
9.896172000000000,I2C,Setup Read to ['151'] + ACK
9.896526000000000,I2C,'255' + ACK
9.896879999999999,I2C,'255' + ACK
9.897232000000001,I2C,'255' + ACK
9.897592000000000,I2C,'255' + NAK
9.905597999999999,I2C,Setup Write to ['152'] + ACK
9.905970000000000,I2C,'5' + ACK
9.906712000000001,I2C,Setup Read to ['153'] + ACK
9.907066000000000,I2C,'255' + ACK
9.907420000000000,I2C,'255' + ACK
9.907772000000000,I2C,'255' + ACK
9.908132000000000,I2C,'255' + NAK
9.911804000000000,I2C,Setup Write to ['148'] + ACK
9.919321999999999,I2C,'5' + ACK
9.920211999999999,I2C,Setup Read to ['149'] + ACK
9.927759999999999,I2C,f + ACK
9.928112000000000,I2C,g + ACK
9.928466000000000,I2C,h + ACK
9.928826000000001,I2C,i + NAK
9.929538000000001,I2C,Setup Write to ['150'] + ACK
9.929910000000000,I2C,'5' + ACK
9.930654000000001,I2C,Setup Read to ['151'] + ACK
9.931156000000000,I2C,'255' + ACK
9.938666000000000,I2C,'255' + ACK
9.939018000000001,I2C,'255' + ACK
9.939378000000000,I2C,'255' + NAK
9.940090000000000,I2C,Setup Write to ['152'] + ACK
9.940462000000000,I2C,'5' + ACK
9.941205999999999,I2C,Setup Read to ['153'] + ACK
9.941560000000001,I2C,'255' + ACK
9.941912000000000,I2C,'255' + ACK
9.942411999999999,I2C,'255' + ACK
9.958544000000000,I2C,'255' + NAK
9.969408000000000,I2C,Setup Write to ['148'] + ACK
9.969780000000000,I2C,'5' + ACK
9.970523999999999,I2C,Setup Read to ['149'] + ACK
9.970878000000001,I2C,f + ACK
9.971230000000000,I2C,g + ACK
9.971584000000000,I2C,h + ACK
9.971944000000001,I2C,i + NAK
9.972656000000001,I2C,Setup Write to ['150'] + ACK
9.973027999999999,I2C,'5' + ACK
9.973772000000000,I2C,Setup Read to ['151'] + ACK
9.974126000000000,I2C,'255' + ACK
9.974478000000000,I2C,'255' + ACK
9.974830000000001,I2C,'255' + ACK
9.975192000000000,I2C,'255' + NAK
9.983207999999999,I2C,Setup Write to ['152'] + ACK
9.983580000000000,I2C,'5' + ACK
9.984324000000001,I2C,Setup Read to ['153'] + ACK
9.984678000000001,I2C,'255' + ACK
9.985030000000000,I2C,'255' + ACK
9.985382000000000,I2C,'255' + ACK
9.985744000000000,I2C,'255' + NAK
9.989414000000000,I2C,Setup Write to ['148'] + ACK
9.996931999999999,I2C,'5' + ACK
9.997821999999999,I2C,Setup Read to ['149'] + ACK
10.005369999999999,I2C,f + ACK
10.005724000000001,I2C,g + ACK
10.006076000000000,I2C,h + ACK
10.006436000000001,I2C,i + NAK
10.007148000000001,I2C,Setup Write to ['150'] + ACK
10.007520000000000,I2C,'5' + ACK
10.008264000000000,I2C,Setup Read to ['151'] + ACK
10.008618000000000,I2C,'255' + ACK
10.009118000000001,I2C,'255' + ACK
10.016603999999999,I2C,'255' + ACK
10.016964000000000,I2C,'255' + NAK
10.017676000000000,I2C,Setup Write to ['152'] + ACK
10.018050000000001,I2C,'5' + ACK
10.018791999999999,I2C,Setup Read to ['153'] + ACK
10.019145999999999,I2C,'255' + ACK
10.019500000000001,I2C,'255' + ACK
10.019852000000000,I2C,'255' + ACK
